0 verbose cli /nix/store/ws50yvm6vzlzf7jzz6n7xh4szddrack1-nodejs-20.19.1/bin/node /usr/bin/npm
1 info using npm@10.8.2
2 info using node@v20.19.1
3 silly config load:file:/nix/store/ws50yvm6vzlzf7jzz6n7xh4szddrack1-nodejs-20.19.1/lib/node_modules/npm/npmrc
4 silly config load:file:/home/user/studio/.npmrc
5 silly config load:file:/home/user/.npmrc
6 silly config load:file:/home/user/.global_modules/etc/npmrc
7 verbose title npm install
8 verbose argv "install"
9 verbose logfile logs-max:10 dir:/home/user/studio/.npm-cache/_logs/2026-03-06T02_14_34_053Z-
10 verbose logfile /home/user/studio/.npm-cache/_logs/2026-03-06T02_14_34_053Z-debug-0.log
11 silly packumentCache heap:2197815296 maxSize:549453824 maxEntrySize:274726912
12 silly logfile done cleaning log files
13 silly idealTree buildDeps
14 silly fetch manifest next@14.2.35
15 silly packumentCache full:https://registry.npmjs.org/next cache-miss
16 http fetch GET 200 https://registry.npmjs.org/next 959ms (cache miss)
17 silly packumentCache full:https://registry.npmjs.org/next set size:undefined disposed:false
18 silly fetch manifest @opentelemetry/api@^1.1.0
19 silly packumentCache full:https://registry.npmjs.org/@opentelemetry%2fapi cache-miss
20 http fetch GET 200 https://registry.npmjs.org/@opentelemetry%2fapi 86ms (cache miss)
21 silly packumentCache full:https://registry.npmjs.org/@opentelemetry%2fapi set size:undefined disposed:false
22 silly fetch manifest @playwright/test@^1.41.2
23 silly packumentCache full:https://registry.npmjs.org/@playwright%2ftest cache-miss
24 http fetch GET 200 https://registry.npmjs.org/@playwright%2ftest 315ms (cache miss)
25 silly packumentCache full:https://registry.npmjs.org/@playwright%2ftest set size:undefined disposed:false
26 silly fetch manifest react@18.3.1
27 silly packumentCache full:https://registry.npmjs.org/react cache-miss
28 http fetch GET 200 https://registry.npmjs.org/react 181ms (cache miss)
29 silly packumentCache full:https://registry.npmjs.org/react set size:undefined disposed:false
30 silly fetch manifest react-dom@18.3.1
31 silly packumentCache full:https://registry.npmjs.org/react-dom cache-miss
32 http fetch GET 200 https://registry.npmjs.org/react-dom 251ms (cache miss)
33 silly packumentCache full:https://registry.npmjs.org/react-dom set size:undefined disposed:false
34 silly fetch manifest sass@^1.3.0
35 silly packumentCache full:https://registry.npmjs.org/sass cache-miss
36 http fetch GET 200 https://registry.npmjs.org/sass 66ms (cache miss)
37 silly packumentCache full:https://registry.npmjs.org/sass set size:undefined disposed:false
38 silly fetch manifest @next/swc-win32-x64-msvc@14.2.3
39 silly packumentCache full:https://registry.npmjs.org/@next%2fswc-win32-x64-msvc cache-miss
40 http fetch GET 200 https://registry.npmjs.org/@next%2fswc-win32-x64-msvc 226ms (cache miss)
41 silly packumentCache full:https://registry.npmjs.org/@next%2fswc-win32-x64-msvc set size:undefined disposed:false
42 silly fetch manifest @next/swc-darwin-x64@14.2.3
43 silly packumentCache full:https://registry.npmjs.org/@next%2fswc-darwin-x64 cache-miss
44 http fetch GET 200 https://registry.npmjs.org/@next%2fswc-darwin-x64 256ms (cache miss)
45 silly packumentCache full:https://registry.npmjs.org/@next%2fswc-darwin-x64 set size:undefined disposed:false
46 silly placeDep ROOT @next/swc-darwin-x64@14.2.3 REPLACE for: crushome-monorepo@1.0.0 want: 14.2.3
47 silly placeDep ROOT @next/swc-win32-x64-msvc@14.2.3 REPLACE for: crushome-monorepo@1.0.0 want: 14.2.3
48 silly placeDep ROOT next@14.2.35 REPLACE for: crushome-monorepo@1.0.0 want: 14.2.35
49 silly fetch manifest @next/swc-darwin-x64@14.2.33
50 silly packumentCache full:https://registry.npmjs.org/@next%2fswc-darwin-x64 cache-miss
51 http fetch GET 200 https://registry.npmjs.org/@next%2fswc-darwin-x64 37ms (cache hit)
52 silly packumentCache full:https://registry.npmjs.org/@next%2fswc-darwin-x64 set size:4992964 disposed:false
53 silly fetch manifest @next/swc-darwin-arm64@14.2.33
54 silly packumentCache full:https://registry.npmjs.org/@next%2fswc-darwin-arm64 cache-miss
55 http fetch GET 200 https://registry.npmjs.org/@next%2fswc-darwin-arm64 171ms (cache miss)
56 silly packumentCache full:https://registry.npmjs.org/@next%2fswc-darwin-arm64 set size:undefined disposed:false
57 silly fetch manifest @next/swc-linux-x64-musl@14.2.33
58 silly packumentCache full:https://registry.npmjs.org/@next%2fswc-linux-x64-musl cache-miss
59 http fetch GET 200 https://registry.npmjs.org/@next%2fswc-linux-x64-musl 173ms (cache miss)
60 silly packumentCache full:https://registry.npmjs.org/@next%2fswc-linux-x64-musl set size:undefined disposed:false
61 silly fetch manifest @next/swc-win32-x64-msvc@14.2.33
62 silly packumentCache full:https://registry.npmjs.org/@next%2fswc-win32-x64-msvc cache-miss
63 http fetch GET 200 https://registry.npmjs.org/@next%2fswc-win32-x64-msvc 31ms (cache hit)
64 silly packumentCache full:https://registry.npmjs.org/@next%2fswc-win32-x64-msvc set size:5067325 disposed:false
65 silly fetch manifest @next/swc-linux-arm64-gnu@14.2.33
66 silly packumentCache full:https://registry.npmjs.org/@next%2fswc-linux-arm64-gnu cache-miss
67 http fetch GET 200 https://registry.npmjs.org/@next%2fswc-linux-arm64-gnu 197ms (cache miss)
68 silly packumentCache full:https://registry.npmjs.org/@next%2fswc-linux-arm64-gnu set size:undefined disposed:false
69 silly fetch manifest @next/swc-win32-ia32-msvc@14.2.33
70 silly packumentCache full:https://registry.npmjs.org/@next%2fswc-win32-ia32-msvc cache-miss
71 http fetch GET 200 https://registry.npmjs.org/@next%2fswc-win32-ia32-msvc 130ms (cache miss)
72 silly packumentCache full:https://registry.npmjs.org/@next%2fswc-win32-ia32-msvc set size:undefined disposed:false
73 silly fetch manifest @next/swc-linux-arm64-musl@14.2.33
74 silly packumentCache full:https://registry.npmjs.org/@next%2fswc-linux-arm64-musl cache-miss
75 http fetch GET 200 https://registry.npmjs.org/@next%2fswc-linux-arm64-musl 179ms (cache miss)
76 silly packumentCache full:https://registry.npmjs.org/@next%2fswc-linux-arm64-musl set size:undefined disposed:false
77 silly fetch manifest @next/swc-win32-arm64-msvc@14.2.33
78 silly packumentCache full:https://registry.npmjs.org/@next%2fswc-win32-arm64-msvc cache-miss
79 http fetch GET 200 https://registry.npmjs.org/@next%2fswc-win32-arm64-msvc 153ms (cache miss)
80 silly packumentCache full:https://registry.npmjs.org/@next%2fswc-win32-arm64-msvc set size:undefined disposed:false
81 silly fetch manifest fsevents@~2.3.2
82 silly packumentCache full:https://registry.npmjs.org/fsevents cache-miss
83 http fetch GET 200 https://registry.npmjs.org/fsevents 48ms (cache miss)
84 silly packumentCache full:https://registry.npmjs.org/fsevents set size:undefined disposed:false
85 silly placeDep node_modules/chokidar fsevents@2.3.3 OK for: chokidar@3.6.0 want: ~2.3.2
86 silly fetch manifest @esbuild/aix-ppc64@0.27.3
87 silly packumentCache full:https://registry.npmjs.org/@esbuild%2faix-ppc64 cache-miss
88 http fetch GET 200 https://registry.npmjs.org/@esbuild%2faix-ppc64 54ms (cache miss)
89 silly packumentCache full:https://registry.npmjs.org/@esbuild%2faix-ppc64 set size:undefined disposed:false
90 silly fetch manifest @esbuild/android-arm@0.27.3
91 silly packumentCache full:https://registry.npmjs.org/@esbuild%2fandroid-arm cache-miss
92 http fetch GET 200 https://registry.npmjs.org/@esbuild%2fandroid-arm 54ms (cache miss)
93 silly packumentCache full:https://registry.npmjs.org/@esbuild%2fandroid-arm set size:undefined disposed:false
94 silly fetch manifest @esbuild/android-arm64@0.27.3
95 silly packumentCache full:https://registry.npmjs.org/@esbuild%2fandroid-arm64 cache-miss
96 http fetch GET 200 https://registry.npmjs.org/@esbuild%2fandroid-arm64 77ms (cache miss)
97 silly packumentCache full:https://registry.npmjs.org/@esbuild%2fandroid-arm64 set size:undefined disposed:false
98 silly fetch manifest @esbuild/android-x64@0.27.3
99 silly packumentCache full:https://registry.npmjs.org/@esbuild%2fandroid-x64 cache-miss
100 http fetch GET 200 https://registry.npmjs.org/@esbuild%2fandroid-x64 67ms (cache miss)
101 silly packumentCache full:https://registry.npmjs.org/@esbuild%2fandroid-x64 set size:undefined disposed:false
102 silly fetch manifest @esbuild/darwin-arm64@0.27.3
103 silly packumentCache full:https://registry.npmjs.org/@esbuild%2fdarwin-arm64 cache-miss
104 http fetch GET 200 https://registry.npmjs.org/@esbuild%2fdarwin-arm64 69ms (cache miss)
105 silly packumentCache full:https://registry.npmjs.org/@esbuild%2fdarwin-arm64 set size:undefined disposed:false
106 silly fetch manifest @esbuild/darwin-x64@0.27.3
107 silly packumentCache full:https://registry.npmjs.org/@esbuild%2fdarwin-x64 cache-miss
108 http fetch GET 200 https://registry.npmjs.org/@esbuild%2fdarwin-x64 67ms (cache miss)
109 silly packumentCache full:https://registry.npmjs.org/@esbuild%2fdarwin-x64 set size:undefined disposed:false
110 silly fetch manifest @esbuild/freebsd-arm64@0.27.3
111 silly packumentCache full:https://registry.npmjs.org/@esbuild%2ffreebsd-arm64 cache-miss
112 http fetch GET 200 https://registry.npmjs.org/@esbuild%2ffreebsd-arm64 61ms (cache miss)
113 silly packumentCache full:https://registry.npmjs.org/@esbuild%2ffreebsd-arm64 set size:undefined disposed:false
114 silly fetch manifest @esbuild/freebsd-x64@0.27.3
115 silly packumentCache full:https://registry.npmjs.org/@esbuild%2ffreebsd-x64 cache-miss
116 http fetch GET 200 https://registry.npmjs.org/@esbuild%2ffreebsd-x64 91ms (cache miss)
117 silly packumentCache full:https://registry.npmjs.org/@esbuild%2ffreebsd-x64 set size:undefined disposed:false
118 silly fetch manifest @esbuild/linux-arm@0.27.3
119 silly packumentCache full:https://registry.npmjs.org/@esbuild%2flinux-arm cache-miss
120 http fetch GET 200 https://registry.npmjs.org/@esbuild%2flinux-arm 60ms (cache miss)
121 silly packumentCache full:https://registry.npmjs.org/@esbuild%2flinux-arm set size:undefined disposed:false
122 silly fetch manifest @esbuild/linux-arm64@0.27.3
123 silly packumentCache full:https://registry.npmjs.org/@esbuild%2flinux-arm64 cache-miss
124 http fetch GET 200 https://registry.npmjs.org/@esbuild%2flinux-arm64 74ms (cache miss)
125 silly packumentCache full:https://registry.npmjs.org/@esbuild%2flinux-arm64 set size:undefined disposed:false
126 silly fetch manifest @esbuild/linux-ia32@0.27.3
127 silly packumentCache full:https://registry.npmjs.org/@esbuild%2flinux-ia32 cache-miss
128 http fetch GET 200 https://registry.npmjs.org/@esbuild%2flinux-ia32 63ms (cache miss)
129 silly packumentCache full:https://registry.npmjs.org/@esbuild%2flinux-ia32 set size:undefined disposed:false
130 silly fetch manifest @esbuild/linux-loong64@0.27.3
131 silly packumentCache full:https://registry.npmjs.org/@esbuild%2flinux-loong64 cache-miss
132 http fetch GET 200 https://registry.npmjs.org/@esbuild%2flinux-loong64 60ms (cache miss)
133 silly packumentCache full:https://registry.npmjs.org/@esbuild%2flinux-loong64 set size:undefined disposed:false
134 silly fetch manifest @esbuild/linux-mips64el@0.27.3
135 silly packumentCache full:https://registry.npmjs.org/@esbuild%2flinux-mips64el cache-miss
136 http fetch GET 200 https://registry.npmjs.org/@esbuild%2flinux-mips64el 59ms (cache miss)
137 silly packumentCache full:https://registry.npmjs.org/@esbuild%2flinux-mips64el set size:undefined disposed:false
138 silly fetch manifest @esbuild/linux-ppc64@0.27.3
139 silly packumentCache full:https://registry.npmjs.org/@esbuild%2flinux-ppc64 cache-miss
140 http fetch GET 200 https://registry.npmjs.org/@esbuild%2flinux-ppc64 64ms (cache miss)
141 silly packumentCache full:https://registry.npmjs.org/@esbuild%2flinux-ppc64 set size:undefined disposed:false
142 silly fetch manifest @esbuild/linux-riscv64@0.27.3
143 silly packumentCache full:https://registry.npmjs.org/@esbuild%2flinux-riscv64 cache-miss
144 http fetch GET 200 https://registry.npmjs.org/@esbuild%2flinux-riscv64 58ms (cache miss)
145 silly packumentCache full:https://registry.npmjs.org/@esbuild%2flinux-riscv64 set size:undefined disposed:false
146 silly fetch manifest @esbuild/linux-s390x@0.27.3
147 silly packumentCache full:https://registry.npmjs.org/@esbuild%2flinux-s390x cache-miss
148 http fetch GET 200 https://registry.npmjs.org/@esbuild%2flinux-s390x 63ms (cache miss)
149 silly packumentCache full:https://registry.npmjs.org/@esbuild%2flinux-s390x set size:undefined disposed:false
150 silly fetch manifest @esbuild/netbsd-arm64@0.27.3
151 silly packumentCache full:https://registry.npmjs.org/@esbuild%2fnetbsd-arm64 cache-miss
152 http fetch GET 200 https://registry.npmjs.org/@esbuild%2fnetbsd-arm64 72ms (cache miss)
153 silly packumentCache full:https://registry.npmjs.org/@esbuild%2fnetbsd-arm64 set size:undefined disposed:false
154 silly fetch manifest @esbuild/netbsd-x64@0.27.3
155 silly packumentCache full:https://registry.npmjs.org/@esbuild%2fnetbsd-x64 cache-miss
156 http fetch GET 200 https://registry.npmjs.org/@esbuild%2fnetbsd-x64 66ms (cache miss)
157 silly packumentCache full:https://registry.npmjs.org/@esbuild%2fnetbsd-x64 set size:undefined disposed:false
158 silly fetch manifest @esbuild/openbsd-arm64@0.27.3
159 silly packumentCache full:https://registry.npmjs.org/@esbuild%2fopenbsd-arm64 cache-miss
160 http fetch GET 200 https://registry.npmjs.org/@esbuild%2fopenbsd-arm64 78ms (cache miss)
161 silly packumentCache full:https://registry.npmjs.org/@esbuild%2fopenbsd-arm64 set size:undefined disposed:false
162 silly fetch manifest @esbuild/openbsd-x64@0.27.3
163 silly packumentCache full:https://registry.npmjs.org/@esbuild%2fopenbsd-x64 cache-miss
164 http fetch GET 200 https://registry.npmjs.org/@esbuild%2fopenbsd-x64 69ms (cache miss)
165 silly packumentCache full:https://registry.npmjs.org/@esbuild%2fopenbsd-x64 set size:undefined disposed:false
166 silly fetch manifest @esbuild/openharmony-arm64@0.27.3
167 silly packumentCache full:https://registry.npmjs.org/@esbuild%2fopenharmony-arm64 cache-miss
168 http fetch GET 200 https://registry.npmjs.org/@esbuild%2fopenharmony-arm64 99ms (cache miss)
169 silly packumentCache full:https://registry.npmjs.org/@esbuild%2fopenharmony-arm64 set size:undefined disposed:false
170 silly fetch manifest @esbuild/sunos-x64@0.27.3
171 silly packumentCache full:https://registry.npmjs.org/@esbuild%2fsunos-x64 cache-miss
172 http fetch GET 200 https://registry.npmjs.org/@esbuild%2fsunos-x64 69ms (cache miss)
173 silly packumentCache full:https://registry.npmjs.org/@esbuild%2fsunos-x64 set size:undefined disposed:false
174 silly fetch manifest @esbuild/win32-arm64@0.27.3
175 silly packumentCache full:https://registry.npmjs.org/@esbuild%2fwin32-arm64 cache-miss
176 http fetch GET 200 https://registry.npmjs.org/@esbuild%2fwin32-arm64 56ms (cache miss)
177 silly packumentCache full:https://registry.npmjs.org/@esbuild%2fwin32-arm64 set size:undefined disposed:false
178 silly fetch manifest @esbuild/win32-ia32@0.27.3
179 silly packumentCache full:https://registry.npmjs.org/@esbuild%2fwin32-ia32 cache-miss
180 http fetch GET 200 https://registry.npmjs.org/@esbuild%2fwin32-ia32 59ms (cache miss)
181 silly packumentCache full:https://registry.npmjs.org/@esbuild%2fwin32-ia32 set size:undefined disposed:false
182 silly fetch manifest @esbuild/win32-x64@0.27.3
183 silly packumentCache full:https://registry.npmjs.org/@esbuild%2fwin32-x64 cache-miss
184 http fetch GET 200 https://registry.npmjs.org/@esbuild%2fwin32-x64 66ms (cache miss)
185 silly packumentCache full:https://registry.npmjs.org/@esbuild%2fwin32-x64 set size:undefined disposed:false
186 silly placeDep node_modules/esbuild @esbuild/aix-ppc64@0.27.3 OK for: esbuild@0.27.3 want: 0.27.3
187 silly placeDep node_modules/esbuild @esbuild/android-arm@0.27.3 OK for: esbuild@0.27.3 want: 0.27.3
188 silly placeDep node_modules/esbuild @esbuild/android-arm64@0.27.3 OK for: esbuild@0.27.3 want: 0.27.3
189 silly placeDep node_modules/esbuild @esbuild/android-x64@0.27.3 OK for: esbuild@0.27.3 want: 0.27.3
190 silly placeDep node_modules/esbuild @esbuild/darwin-arm64@0.27.3 OK for: esbuild@0.27.3 want: 0.27.3
191 silly placeDep node_modules/esbuild @esbuild/darwin-x64@0.27.3 OK for: esbuild@0.27.3 want: 0.27.3
192 silly placeDep node_modules/esbuild @esbuild/freebsd-arm64@0.27.3 OK for: esbuild@0.27.3 want: 0.27.3
193 silly placeDep node_modules/esbuild @esbuild/freebsd-x64@0.27.3 OK for: esbuild@0.27.3 want: 0.27.3
194 silly placeDep node_modules/esbuild @esbuild/linux-arm@0.27.3 OK for: esbuild@0.27.3 want: 0.27.3
195 silly placeDep node_modules/esbuild @esbuild/linux-arm64@0.27.3 OK for: esbuild@0.27.3 want: 0.27.3
196 silly placeDep node_modules/esbuild @esbuild/linux-ia32@0.27.3 OK for: esbuild@0.27.3 want: 0.27.3
197 silly placeDep node_modules/esbuild @esbuild/linux-loong64@0.27.3 OK for: esbuild@0.27.3 want: 0.27.3
198 silly placeDep node_modules/esbuild @esbuild/linux-mips64el@0.27.3 OK for: esbuild@0.27.3 want: 0.27.3
199 silly placeDep node_modules/esbuild @esbuild/linux-ppc64@0.27.3 OK for: esbuild@0.27.3 want: 0.27.3
200 silly placeDep node_modules/esbuild @esbuild/linux-riscv64@0.27.3 OK for: esbuild@0.27.3 want: 0.27.3
201 silly placeDep node_modules/esbuild @esbuild/linux-s390x@0.27.3 OK for: esbuild@0.27.3 want: 0.27.3
202 silly placeDep node_modules/esbuild @esbuild/netbsd-arm64@0.27.3 OK for: esbuild@0.27.3 want: 0.27.3
203 silly placeDep node_modules/esbuild @esbuild/netbsd-x64@0.27.3 OK for: esbuild@0.27.3 want: 0.27.3
204 silly placeDep node_modules/esbuild @esbuild/openbsd-arm64@0.27.3 OK for: esbuild@0.27.3 want: 0.27.3
205 silly placeDep node_modules/esbuild @esbuild/openbsd-x64@0.27.3 OK for: esbuild@0.27.3 want: 0.27.3
206 silly placeDep node_modules/esbuild @esbuild/openharmony-arm64@0.27.3 OK for: esbuild@0.27.3 want: 0.27.3
207 silly placeDep node_modules/esbuild @esbuild/sunos-x64@0.27.3 OK for: esbuild@0.27.3 want: 0.27.3
208 silly placeDep node_modules/esbuild @esbuild/win32-arm64@0.27.3 OK for: esbuild@0.27.3 want: 0.27.3
209 silly placeDep node_modules/esbuild @esbuild/win32-ia32@0.27.3 OK for: esbuild@0.27.3 want: 0.27.3
210 silly placeDep node_modules/esbuild @esbuild/win32-x64@0.27.3 OK for: esbuild@0.27.3 want: 0.27.3
211 silly fetch manifest @msgpackr-extract/msgpackr-extract-darwin-arm64@3.0.3
212 silly packumentCache full:https://registry.npmjs.org/@msgpackr-extract%2fmsgpackr-extract-darwin-arm64 cache-miss
213 http fetch GET 200 https://registry.npmjs.org/@msgpackr-extract%2fmsgpackr-extract-darwin-arm64 59ms (cache miss)
214 silly packumentCache full:https://registry.npmjs.org/@msgpackr-extract%2fmsgpackr-extract-darwin-arm64 set size:undefined disposed:false
215 silly fetch manifest @msgpackr-extract/msgpackr-extract-darwin-x64@3.0.3
216 silly packumentCache full:https://registry.npmjs.org/@msgpackr-extract%2fmsgpackr-extract-darwin-x64 cache-miss
217 http fetch GET 200 https://registry.npmjs.org/@msgpackr-extract%2fmsgpackr-extract-darwin-x64 59ms (cache miss)
218 silly packumentCache full:https://registry.npmjs.org/@msgpackr-extract%2fmsgpackr-extract-darwin-x64 set size:undefined disposed:false
219 silly fetch manifest @msgpackr-extract/msgpackr-extract-linux-arm@3.0.3
220 silly packumentCache full:https://registry.npmjs.org/@msgpackr-extract%2fmsgpackr-extract-linux-arm cache-miss
221 http fetch GET 200 https://registry.npmjs.org/@msgpackr-extract%2fmsgpackr-extract-linux-arm 68ms (cache miss)
222 silly packumentCache full:https://registry.npmjs.org/@msgpackr-extract%2fmsgpackr-extract-linux-arm set size:undefined disposed:false
223 silly fetch manifest @msgpackr-extract/msgpackr-extract-linux-arm64@3.0.3
224 silly packumentCache full:https://registry.npmjs.org/@msgpackr-extract%2fmsgpackr-extract-linux-arm64 cache-miss
225 http fetch GET 200 https://registry.npmjs.org/@msgpackr-extract%2fmsgpackr-extract-linux-arm64 60ms (cache miss)
226 silly packumentCache full:https://registry.npmjs.org/@msgpackr-extract%2fmsgpackr-extract-linux-arm64 set size:undefined disposed:false
227 silly fetch manifest @msgpackr-extract/msgpackr-extract-win32-x64@3.0.3
228 silly packumentCache full:https://registry.npmjs.org/@msgpackr-extract%2fmsgpackr-extract-win32-x64 cache-miss
229 http fetch GET 200 https://registry.npmjs.org/@msgpackr-extract%2fmsgpackr-extract-win32-x64 72ms (cache miss)
230 silly packumentCache full:https://registry.npmjs.org/@msgpackr-extract%2fmsgpackr-extract-win32-x64 set size:undefined disposed:false
231 silly placeDep node_modules/msgpackr-extract @msgpackr-extract/msgpackr-extract-darwin-arm64@3.0.3 OK for: msgpackr-extract@3.0.3 want: 3.0.3
232 silly placeDep node_modules/msgpackr-extract @msgpackr-extract/msgpackr-extract-darwin-x64@3.0.3 OK for: msgpackr-extract@3.0.3 want: 3.0.3
233 silly placeDep node_modules/msgpackr-extract @msgpackr-extract/msgpackr-extract-linux-arm@3.0.3 OK for: msgpackr-extract@3.0.3 want: 3.0.3
234 silly placeDep node_modules/msgpackr-extract @msgpackr-extract/msgpackr-extract-linux-arm64@3.0.3 OK for: msgpackr-extract@3.0.3 want: 3.0.3
235 silly placeDep node_modules/msgpackr-extract @msgpackr-extract/msgpackr-extract-win32-x64@3.0.3 OK for: msgpackr-extract@3.0.3 want: 3.0.3
236 silly placeDep ROOT @next/swc-darwin-arm64@14.2.33 OK for: next@14.2.35 want: 14.2.33
237 silly placeDep node_modules/next @next/swc-darwin-x64@14.2.33 OK for: next@14.2.35 want: 14.2.33
238 silly placeDep ROOT @next/swc-linux-arm64-gnu@14.2.33 OK for: next@14.2.35 want: 14.2.33
239 silly placeDep ROOT @next/swc-linux-arm64-musl@14.2.33 OK for: next@14.2.35 want: 14.2.33
240 silly placeDep ROOT @next/swc-linux-x64-musl@14.2.33 OK for: next@14.2.35 want: 14.2.33
241 silly placeDep ROOT @next/swc-win32-arm64-msvc@14.2.33 OK for: next@14.2.35 want: 14.2.33
242 silly placeDep ROOT @next/swc-win32-ia32-msvc@14.2.33 OK for: next@14.2.35 want: 14.2.33
243 silly placeDep node_modules/next @next/swc-win32-x64-msvc@14.2.33 OK for: next@14.2.35 want: 14.2.33
244 silly fetch manifest @img/sharp-darwin-arm64@0.33.5
245 silly packumentCache full:https://registry.npmjs.org/@img%2fsharp-darwin-arm64 cache-miss
246 http fetch GET 200 https://registry.npmjs.org/@img%2fsharp-darwin-arm64 75ms (cache miss)
247 silly packumentCache full:https://registry.npmjs.org/@img%2fsharp-darwin-arm64 set size:undefined disposed:false
248 silly fetch manifest @img/sharp-darwin-x64@0.33.5
249 silly packumentCache full:https://registry.npmjs.org/@img%2fsharp-darwin-x64 cache-miss
250 http fetch GET 200 https://registry.npmjs.org/@img%2fsharp-darwin-x64 73ms (cache miss)
251 silly packumentCache full:https://registry.npmjs.org/@img%2fsharp-darwin-x64 set size:undefined disposed:false
252 silly fetch manifest @img/sharp-libvips-darwin-arm64@1.0.4
253 silly packumentCache full:https://registry.npmjs.org/@img%2fsharp-libvips-darwin-arm64 cache-miss
254 http fetch GET 200 https://registry.npmjs.org/@img%2fsharp-libvips-darwin-arm64 76ms (cache miss)
255 silly packumentCache full:https://registry.npmjs.org/@img%2fsharp-libvips-darwin-arm64 set size:undefined disposed:false
256 silly fetch manifest @img/sharp-libvips-darwin-x64@1.0.4
257 silly packumentCache full:https://registry.npmjs.org/@img%2fsharp-libvips-darwin-x64 cache-miss
258 http fetch GET 200 https://registry.npmjs.org/@img%2fsharp-libvips-darwin-x64 69ms (cache miss)
259 silly packumentCache full:https://registry.npmjs.org/@img%2fsharp-libvips-darwin-x64 set size:undefined disposed:false
260 silly fetch manifest @img/sharp-libvips-linux-arm@1.0.5
261 silly packumentCache full:https://registry.npmjs.org/@img%2fsharp-libvips-linux-arm cache-miss
262 http fetch GET 200 https://registry.npmjs.org/@img%2fsharp-libvips-linux-arm 64ms (cache miss)
263 silly packumentCache full:https://registry.npmjs.org/@img%2fsharp-libvips-linux-arm set size:undefined disposed:false
264 silly fetch manifest @img/sharp-libvips-linux-arm64@1.0.4
265 silly packumentCache full:https://registry.npmjs.org/@img%2fsharp-libvips-linux-arm64 cache-miss
266 http fetch GET 200 https://registry.npmjs.org/@img%2fsharp-libvips-linux-arm64 56ms (cache miss)
267 silly packumentCache full:https://registry.npmjs.org/@img%2fsharp-libvips-linux-arm64 set size:undefined disposed:false
268 silly fetch manifest @img/sharp-libvips-linux-s390x@1.0.4
269 silly packumentCache full:https://registry.npmjs.org/@img%2fsharp-libvips-linux-s390x cache-miss
270 http fetch GET 200 https://registry.npmjs.org/@img%2fsharp-libvips-linux-s390x 58ms (cache miss)
271 silly packumentCache full:https://registry.npmjs.org/@img%2fsharp-libvips-linux-s390x set size:undefined disposed:false
272 silly fetch manifest @img/sharp-libvips-linuxmusl-arm64@1.0.4
273 silly packumentCache full:https://registry.npmjs.org/@img%2fsharp-libvips-linuxmusl-arm64 cache-miss
274 http fetch GET 200 https://registry.npmjs.org/@img%2fsharp-libvips-linuxmusl-arm64 56ms (cache miss)
275 silly packumentCache full:https://registry.npmjs.org/@img%2fsharp-libvips-linuxmusl-arm64 set size:undefined disposed:false
276 silly fetch manifest @img/sharp-linux-arm@0.33.5
277 silly packumentCache full:https://registry.npmjs.org/@img%2fsharp-linux-arm cache-miss
278 http fetch GET 200 https://registry.npmjs.org/@img%2fsharp-linux-arm 66ms (cache miss)
279 silly packumentCache full:https://registry.npmjs.org/@img%2fsharp-linux-arm set size:undefined disposed:false
280 silly fetch manifest @img/sharp-linux-arm64@0.33.5
281 silly packumentCache full:https://registry.npmjs.org/@img%2fsharp-linux-arm64 cache-miss
282 http fetch GET 200 https://registry.npmjs.org/@img%2fsharp-linux-arm64 64ms (cache miss)
283 silly packumentCache full:https://registry.npmjs.org/@img%2fsharp-linux-arm64 set size:undefined disposed:false
284 silly fetch manifest @img/sharp-linux-s390x@0.33.5
285 silly packumentCache full:https://registry.npmjs.org/@img%2fsharp-linux-s390x cache-miss
286 http fetch GET 200 https://registry.npmjs.org/@img%2fsharp-linux-s390x 53ms (cache miss)
287 silly packumentCache full:https://registry.npmjs.org/@img%2fsharp-linux-s390x set size:undefined disposed:false
288 silly fetch manifest @img/sharp-linuxmusl-arm64@0.33.5
289 silly packumentCache full:https://registry.npmjs.org/@img%2fsharp-linuxmusl-arm64 cache-miss
290 http fetch GET 200 https://registry.npmjs.org/@img%2fsharp-linuxmusl-arm64 55ms (cache miss)
291 silly packumentCache full:https://registry.npmjs.org/@img%2fsharp-linuxmusl-arm64 set size:undefined disposed:false
292 silly fetch manifest @img/sharp-wasm32@0.33.5
293 silly packumentCache full:https://registry.npmjs.org/@img%2fsharp-wasm32 cache-miss
294 http fetch GET 200 https://registry.npmjs.org/@img%2fsharp-wasm32 66ms (cache miss)
295 silly packumentCache full:https://registry.npmjs.org/@img%2fsharp-wasm32 set size:undefined disposed:false
296 silly fetch manifest @img/sharp-win32-ia32@0.33.5
297 silly packumentCache full:https://registry.npmjs.org/@img%2fsharp-win32-ia32 cache-miss
298 http fetch GET 200 https://registry.npmjs.org/@img%2fsharp-win32-ia32 72ms (cache miss)
299 silly packumentCache full:https://registry.npmjs.org/@img%2fsharp-win32-ia32 set size:undefined disposed:false
300 silly fetch manifest @img/sharp-win32-x64@0.33.5
301 silly packumentCache full:https://registry.npmjs.org/@img%2fsharp-win32-x64 cache-miss
302 http fetch GET 200 https://registry.npmjs.org/@img%2fsharp-win32-x64 63ms (cache miss)
303 silly packumentCache full:https://registry.npmjs.org/@img%2fsharp-win32-x64 set size:undefined disposed:false
304 silly placeDep node_modules/sharp @img/sharp-darwin-arm64@0.33.5 OK for: sharp@0.33.5 want: 0.33.5
305 silly placeDep node_modules/sharp @img/sharp-darwin-x64@0.33.5 OK for: sharp@0.33.5 want: 0.33.5
306 silly placeDep node_modules/sharp @img/sharp-libvips-darwin-arm64@1.0.4 OK for: sharp@0.33.5 want: 1.0.4
307 silly placeDep node_modules/sharp @img/sharp-libvips-darwin-x64@1.0.4 OK for: sharp@0.33.5 want: 1.0.4
308 silly placeDep node_modules/sharp @img/sharp-libvips-linux-arm@1.0.5 OK for: sharp@0.33.5 want: 1.0.5
309 silly placeDep node_modules/sharp @img/sharp-libvips-linux-arm64@1.0.4 OK for: sharp@0.33.5 want: 1.0.4
310 silly placeDep node_modules/sharp @img/sharp-libvips-linux-s390x@1.0.4 OK for: sharp@0.33.5 want: 1.0.4
311 silly placeDep node_modules/sharp @img/sharp-libvips-linuxmusl-arm64@1.0.4 OK for: sharp@0.33.5 want: 1.0.4
312 silly placeDep node_modules/sharp @img/sharp-linux-arm@0.33.5 OK for: sharp@0.33.5 want: 0.33.5
313 silly placeDep node_modules/sharp @img/sharp-linux-arm64@0.33.5 OK for: sharp@0.33.5 want: 0.33.5
314 silly placeDep node_modules/sharp @img/sharp-linux-s390x@0.33.5 OK for: sharp@0.33.5 want: 0.33.5
315 silly placeDep node_modules/sharp @img/sharp-linuxmusl-arm64@0.33.5 OK for: sharp@0.33.5 want: 0.33.5
316 silly placeDep node_modules/sharp @img/sharp-wasm32@0.33.5 OK for: sharp@0.33.5 want: 0.33.5
317 silly placeDep node_modules/sharp @img/sharp-win32-ia32@0.33.5 OK for: sharp@0.33.5 want: 0.33.5
318 silly placeDep node_modules/sharp @img/sharp-win32-x64@0.33.5 OK for: sharp@0.33.5 want: 0.33.5
319 silly fetch manifest fsevents@~2.3.3
320 silly packumentCache full:https://registry.npmjs.org/fsevents cache-miss
321 http fetch GET 200 https://registry.npmjs.org/fsevents 5ms (cache hit)
322 silly packumentCache full:https://registry.npmjs.org/fsevents set size:182472 disposed:false
323 silly placeDep node_modules/tsx fsevents@2.3.3 OK for: tsx@4.21.0 want: ~2.3.3
324 warn EBADENGINE Unsupported engine {
324 warn EBADENGINE   package: 'crushome-monorepo@1.0.0',
324 warn EBADENGINE   required: { node: '18' },
324 warn EBADENGINE   current: { node: 'v20.19.1', npm: '10.8.2' }
324 warn EBADENGINE }
325 silly reify mark retired [ '/home/user/studio/node_modules/fsevents' ]
326 silly reify mark retired [ '/home/user/studio/node_modules/next' ]
327 silly reify mark retired [ '/home/user/studio/node_modules/@esbuild/aix-ppc64' ]
328 silly reify mark retired [ '/home/user/studio/node_modules/@esbuild/android-arm' ]
329 silly reify mark retired [ '/home/user/studio/node_modules/@esbuild/android-arm64' ]
330 silly reify mark retired [ '/home/user/studio/node_modules/@esbuild/android-x64' ]
331 silly reify mark retired [ '/home/user/studio/node_modules/@esbuild/darwin-arm64' ]
332 silly reify mark retired [ '/home/user/studio/node_modules/@esbuild/darwin-x64' ]
333 silly reify mark retired [ '/home/user/studio/node_modules/@esbuild/freebsd-arm64' ]
334 silly reify mark retired [ '/home/user/studio/node_modules/@esbuild/freebsd-x64' ]
335 silly reify mark retired [ '/home/user/studio/node_modules/@esbuild/linux-arm' ]
336 silly reify mark retired [ '/home/user/studio/node_modules/@esbuild/linux-arm64' ]
337 silly reify mark retired [ '/home/user/studio/node_modules/@esbuild/linux-ia32' ]
338 silly reify mark retired [ '/home/user/studio/node_modules/@esbuild/linux-loong64' ]
339 silly reify mark retired [ '/home/user/studio/node_modules/@esbuild/linux-mips64el' ]
340 silly reify mark retired [ '/home/user/studio/node_modules/@esbuild/linux-ppc64' ]
341 silly reify mark retired [ '/home/user/studio/node_modules/@esbuild/linux-riscv64' ]
342 silly reify mark retired [ '/home/user/studio/node_modules/@esbuild/linux-s390x' ]
343 silly reify mark retired [ '/home/user/studio/node_modules/@esbuild/netbsd-arm64' ]
344 silly reify mark retired [ '/home/user/studio/node_modules/@esbuild/netbsd-x64' ]
345 silly reify mark retired [ '/home/user/studio/node_modules/@esbuild/openbsd-arm64' ]
346 silly reify mark retired [ '/home/user/studio/node_modules/@esbuild/openbsd-x64' ]
347 silly reify mark retired [ '/home/user/studio/node_modules/@esbuild/openharmony-arm64' ]
348 silly reify mark retired [ '/home/user/studio/node_modules/@esbuild/sunos-x64' ]
349 silly reify mark retired [ '/home/user/studio/node_modules/@esbuild/win32-arm64' ]
350 silly reify mark retired [ '/home/user/studio/node_modules/@esbuild/win32-ia32' ]
351 silly reify mark retired [ '/home/user/studio/node_modules/@esbuild/win32-x64' ]
352 silly reify mark retired [ '/home/user/studio/node_modules/@img/sharp-darwin-arm64' ]
353 silly reify mark retired [ '/home/user/studio/node_modules/@img/sharp-darwin-x64' ]
354 silly reify mark retired [ '/home/user/studio/node_modules/@img/sharp-libvips-darwin-arm64' ]
355 silly reify mark retired [ '/home/user/studio/node_modules/@img/sharp-libvips-darwin-x64' ]
356 silly reify mark retired [ '/home/user/studio/node_modules/@img/sharp-libvips-linux-arm64' ]
357 silly reify mark retired [ '/home/user/studio/node_modules/@img/sharp-libvips-linux-arm' ]
358 silly reify mark retired [ '/home/user/studio/node_modules/@img/sharp-libvips-linux-s390x' ]
359 silly reify mark retired [ '/home/user/studio/node_modules/@img/sharp-libvips-linuxmusl-arm64' ]
360 silly reify mark retired [ '/home/user/studio/node_modules/@img/sharp-linux-arm' ]
361 silly reify mark retired [ '/home/user/studio/node_modules/@img/sharp-linux-arm64' ]
362 silly reify mark retired [ '/home/user/studio/node_modules/@img/sharp-linux-s390x' ]
363 silly reify mark retired [ '/home/user/studio/node_modules/@img/sharp-linuxmusl-arm64' ]
364 silly reify mark retired [ '/home/user/studio/node_modules/@img/sharp-wasm32' ]
365 silly reify mark retired [ '/home/user/studio/node_modules/@img/sharp-win32-ia32' ]
366 silly reify mark retired [ '/home/user/studio/node_modules/@img/sharp-win32-x64' ]
367 silly reify mark retired [
367 silly reify   '/home/user/studio/node_modules/@msgpackr-extract/msgpackr-extract-darwin-arm64'
367 silly reify ]
368 silly reify mark retired [
368 silly reify   '/home/user/studio/node_modules/@msgpackr-extract/msgpackr-extract-darwin-x64'
368 silly reify ]
369 silly reify mark retired [
369 silly reify   '/home/user/studio/node_modules/@msgpackr-extract/msgpackr-extract-linux-arm'
369 silly reify ]
370 silly reify mark retired [
370 silly reify   '/home/user/studio/node_modules/@msgpackr-extract/msgpackr-extract-linux-arm64'
370 silly reify ]
371 silly reify mark retired [
371 silly reify   '/home/user/studio/node_modules/@msgpackr-extract/msgpackr-extract-win32-x64'
371 silly reify ]
372 silly reify mark retired [ '/home/user/studio/node_modules/@next/swc-darwin-arm64' ]
373 silly reify mark retired [ '/home/user/studio/node_modules/@next/swc-darwin-x64' ]
374 silly reify mark retired [ '/home/user/studio/node_modules/@next/swc-linux-arm64-gnu' ]
375 silly reify mark retired [ '/home/user/studio/node_modules/@next/swc-linux-arm64-musl' ]
376 silly reify mark retired [ '/home/user/studio/node_modules/@next/swc-linux-x64-musl' ]
377 silly reify mark retired [ '/home/user/studio/node_modules/@next/swc-win32-arm64-msvc' ]
378 silly reify mark retired [ '/home/user/studio/node_modules/@next/swc-win32-ia32-msvc' ]
379 silly reify mark retired [ '/home/user/studio/node_modules/@next/swc-win32-x64-msvc' ]
380 silly reify mark retired [
380 silly reify   '/home/user/studio/node_modules/acorn',
380 silly reify   '/home/user/studio/node_modules/.bin/acorn'
380 silly reify ]
381 silly reify mark retired [
381 silly reify   '/home/user/studio/node_modules/autoprefixer',
381 silly reify   '/home/user/studio/node_modules/.bin/autoprefixer'
381 silly reify ]
382 silly reify mark retired [
382 silly reify   '/home/user/studio/node_modules/baseline-browser-mapping',
382 silly reify   '/home/user/studio/node_modules/.bin/baseline-browser-mapping'
382 silly reify ]
383 silly reify mark retired [
383 silly reify   '/home/user/studio/node_modules/browserslist',
383 silly reify   '/home/user/studio/node_modules/.bin/browserslist'
383 silly reify ]
384 silly reify mark retired [
384 silly reify   '/home/user/studio/node_modules/bullmq/node_modules/uuid',
384 silly reify   '/home/user/studio/node_modules/bullmq/node_modules/.bin/uuid'
384 silly reify ]
385 silly reify mark retired [
385 silly reify   '/home/user/studio/node_modules/cli-highlight',
385 silly reify   '/home/user/studio/node_modules/.bin/highlight'
385 silly reify ]
386 silly reify mark retired [
386 silly reify   '/home/user/studio/node_modules/cross-env',
386 silly reify   '/home/user/studio/node_modules/.bin/cross-env',
386 silly reify   '/home/user/studio/node_modules/.bin/cross-env-shell'
386 silly reify ]
387 silly reify mark retired [
387 silly reify   '/home/user/studio/node_modules/crc-32',
387 silly reify   '/home/user/studio/node_modules/.bin/crc32'
387 silly reify ]
388 silly reify mark retired [
388 silly reify   '/home/user/studio/node_modules/cssesc',
388 silly reify   '/home/user/studio/node_modules/.bin/cssesc'
388 silly reify ]
389 silly reify mark retired [
389 silly reify   '/home/user/studio/node_modules/esbuild',
389 silly reify   '/home/user/studio/node_modules/.bin/esbuild'
389 silly reify ]
390 silly reify mark retired [
390 silly reify   '/home/user/studio/node_modules/escodegen',
390 silly reify   '/home/user/studio/node_modules/.bin/esgenerate',
390 silly reify   '/home/user/studio/node_modules/.bin/escodegen'
390 silly reify ]
391 silly reify mark retired [
391 silly reify   '/home/user/studio/node_modules/esprima',
391 silly reify   '/home/user/studio/node_modules/.bin/esparse',
391 silly reify   '/home/user/studio/node_modules/.bin/esvalidate'
391 silly reify ]
392 silly reify mark retired [
392 silly reify   '/home/user/studio/node_modules/eventid/node_modules/uuid',
392 silly reify   '/home/user/studio/node_modules/eventid/node_modules/.bin/uuid'
392 silly reify ]
393 silly reify mark retired [
393 silly reify   '/home/user/studio/node_modules/fastify/node_modules/pino',
393 silly reify   '/home/user/studio/node_modules/fastify/node_modules/.bin/pino'
393 silly reify ]
394 silly reify mark retired [
394 silly reify   '/home/user/studio/node_modules/fast-xml-parser',
394 silly reify   '/home/user/studio/node_modules/.bin/fxparser'
394 silly reify ]
395 silly reify mark retired [
395 silly reify   '/home/user/studio/node_modules/gaxios/node_modules/uuid',
395 silly reify   '/home/user/studio/node_modules/gaxios/node_modules/.bin/uuid'
395 silly reify ]
396 silly reify mark retired [
396 silly reify   '/home/user/studio/node_modules/glob',
396 silly reify   '/home/user/studio/node_modules/.bin/glob'
396 silly reify ]
397 silly reify mark retired [
397 silly reify   '/home/user/studio/node_modules/firebase-tools',
397 silly reify   '/home/user/studio/node_modules/.bin/firebase'
397 silly reify ]
398 silly reify mark retired [
398 silly reify   '/home/user/studio/node_modules/googleapis/node_modules/uuid',
398 silly reify   '/home/user/studio/node_modules/googleapis/node_modules/.bin/uuid'
398 silly reify ]
399 silly reify mark retired [
399 silly reify   '/home/user/studio/node_modules/google-gax/node_modules/uuid',
399 silly reify   '/home/user/studio/node_modules/google-gax/node_modules/.bin/uuid'
399 silly reify ]
400 silly reify mark retired [
400 silly reify   '/home/user/studio/node_modules/google-gax/node_modules/@grpc/grpc-js/node_modules/@grpc/proto-loader',
400 silly reify   '/home/user/studio/node_modules/google-gax/node_modules/@grpc/grpc-js/node_modules/.bin/proto-loader-gen-types'
400 silly reify ]
401 silly reify mark retired [
401 silly reify   '/home/user/studio/node_modules/handlebars',
401 silly reify   '/home/user/studio/node_modules/.bin/handlebars'
401 silly reify ]
402 silly reify mark retired [
402 silly reify   '/home/user/studio/node_modules/hexer',
402 silly reify   '/home/user/studio/node_modules/.bin/hexer'
402 silly reify ]
403 silly reify mark retired [
403 silly reify   '/home/user/studio/node_modules/install-artifact-from-github',
403 silly reify   '/home/user/studio/node_modules/.bin/install-from-cache',
403 silly reify   '/home/user/studio/node_modules/.bin/save-to-github-cache'
403 silly reify ]
404 silly reify mark retired [
404 silly reify   '/home/user/studio/node_modules/is-ci',
404 silly reify   '/home/user/studio/node_modules/.bin/is-ci'
404 silly reify ]
405 silly reify mark retired [
405 silly reify   '/home/user/studio/node_modules/jiti',
405 silly reify   '/home/user/studio/node_modules/.bin/jiti'
405 silly reify ]
406 silly reify mark retired [
406 silly reify   '/home/user/studio/node_modules/jaeger-client/node_modules/uuid',
406 silly reify   '/home/user/studio/node_modules/jaeger-client/node_modules/.bin/uuid'
406 silly reify ]
407 silly reify mark retired [
407 silly reify   '/home/user/studio/node_modules/js-yaml',
407 silly reify   '/home/user/studio/node_modules/.bin/js-yaml'
407 silly reify ]
408 silly reify mark retired [
408 silly reify   '/home/user/studio/node_modules/json5',
408 silly reify   '/home/user/studio/node_modules/.bin/json5'
408 silly reify ]
409 silly reify mark retired [
409 silly reify   '/home/user/studio/node_modules/jsonpath-plus',
409 silly reify   '/home/user/studio/node_modules/.bin/jsonpath',
409 silly reify   '/home/user/studio/node_modules/.bin/jsonpath-plus'
409 silly reify ]
410 silly reify mark retired [
410 silly reify   '/home/user/studio/node_modules/loose-envify',
410 silly reify   '/home/user/studio/node_modules/.bin/loose-envify'
410 silly reify ]
411 silly reify mark retired [
411 silly reify   '/home/user/studio/node_modules/marked',
411 silly reify   '/home/user/studio/node_modules/.bin/marked'
411 silly reify ]
412 silly reify mark retired [
412 silly reify   '/home/user/studio/node_modules/mime',
412 silly reify   '/home/user/studio/node_modules/.bin/mime'
412 silly reify ]
413 silly reify mark retired [
413 silly reify   '/home/user/studio/node_modules/make-dir/node_modules/semver',
413 silly reify   '/home/user/studio/node_modules/make-dir/node_modules/.bin/semver'
413 silly reify ]
414 silly reify mark retired [
414 silly reify   '/home/user/studio/node_modules/mkdirp',
414 silly reify   '/home/user/studio/node_modules/.bin/mkdirp'
414 silly reify ]
415 silly reify mark retired [
415 silly reify   '/home/user/studio/node_modules/msgpackr-extract',
415 silly reify   '/home/user/studio/node_modules/.bin/download-msgpackr-prebuilds'
415 silly reify ]
416 silly reify mark retired [
416 silly reify   '/home/user/studio/node_modules/nanoid',
416 silly reify   '/home/user/studio/node_modules/.bin/nanoid'
416 silly reify ]
417 silly reify mark retired [
417 silly reify   '/home/user/studio/node_modules/nearley',
417 silly reify   '/home/user/studio/node_modules/.bin/nearleyc',
417 silly reify   '/home/user/studio/node_modules/.bin/nearley-test',
417 silly reify   '/home/user/studio/node_modules/.bin/nearley-unparse',
417 silly reify   '/home/user/studio/node_modules/.bin/nearley-railroad'
417 silly reify ]
418 silly reify mark retired [
418 silly reify   '/home/user/studio/node_modules/node-gyp',
418 silly reify   '/home/user/studio/node_modules/.bin/node-gyp'
418 silly reify ]
419 silly reify mark retired [
419 silly reify   '/home/user/studio/node_modules/node-gyp-build',
419 silly reify   '/home/user/studio/node_modules/.bin/node-gyp-build',
419 silly reify   '/home/user/studio/node_modules/.bin/node-gyp-build-optional',
419 silly reify   '/home/user/studio/node_modules/.bin/node-gyp-build-test'
419 silly reify ]
420 silly reify mark retired [
420 silly reify   '/home/user/studio/node_modules/node-gyp-build-optional-packages',
420 silly reify   '/home/user/studio/node_modules/.bin/node-gyp-build-optional-packages',
420 silly reify   '/home/user/studio/node_modules/.bin/node-gyp-build-optional-packages-optional',
420 silly reify   '/home/user/studio/node_modules/.bin/node-gyp-build-optional-packages-test'
420 silly reify ]
421 silly reify mark retired [
421 silly reify   '/home/user/studio/node_modules/nopt',
421 silly reify   '/home/user/studio/node_modules/.bin/nopt'
421 silly reify ]
422 silly reify mark retired [
422 silly reify   '/home/user/studio/node_modules/pino',
422 silly reify   '/home/user/studio/node_modules/.bin/pino'
422 silly reify ]
423 silly reify mark retired [
423 silly reify   '/home/user/studio/node_modules/rc',
423 silly reify   '/home/user/studio/node_modules/.bin/rc'
423 silly reify ]
424 silly reify mark retired [
424 silly reify   '/home/user/studio/node_modules/resolve',
424 silly reify   '/home/user/studio/node_modules/.bin/resolve'
424 silly reify ]
425 silly reify mark retired [
425 silly reify   '/home/user/studio/node_modules/semver-diff/node_modules/semver',
425 silly reify   '/home/user/studio/node_modules/semver-diff/node_modules/.bin/semver'
425 silly reify ]
426 silly reify mark retired [
426 silly reify   '/home/user/studio/node_modules/send/node_modules/mime',
426 silly reify   '/home/user/studio/node_modules/send/node_modules/.bin/mime'
426 silly reify ]
427 silly reify mark retired [
427 silly reify   '/home/user/studio/node_modules/semver',
427 silly reify   '/home/user/studio/node_modules/.bin/semver'
427 silly reify ]
428 silly reify mark retired [
428 silly reify   '/home/user/studio/node_modules/rimraf',
428 silly reify   '/home/user/studio/node_modules/.bin/rimraf'
428 silly reify ]
429 silly reify mark retired [
429 silly reify   '/home/user/studio/node_modules/sql-formatter',
429 silly reify   '/home/user/studio/node_modules/.bin/sql-formatter'
429 silly reify ]
430 silly reify mark retired [
430 silly reify   '/home/user/studio/node_modules/superstatic',
430 silly reify   '/home/user/studio/node_modules/.bin/superstatic'
430 silly reify ]
431 silly reify mark retired [
431 silly reify   '/home/user/studio/node_modules/tailwindcss',
431 silly reify   '/home/user/studio/node_modules/.bin/tailwind',
431 silly reify   '/home/user/studio/node_modules/.bin/tailwindcss'
431 silly reify ]
432 silly reify mark retired [
432 silly reify   '/home/user/studio/node_modules/sucrase',
432 silly reify   '/home/user/studio/node_modules/.bin/sucrase',
432 silly reify   '/home/user/studio/node_modules/.bin/sucrase-node'
432 silly reify ]
433 silly reify mark retired [
433 silly reify   '/home/user/studio/node_modules/teeny-request/node_modules/uuid',
433 silly reify   '/home/user/studio/node_modules/teeny-request/node_modules/.bin/uuid'
433 silly reify ]
434 silly reify mark retired [
434 silly reify   '/home/user/studio/node_modules/topojson-server',
434 silly reify   '/home/user/studio/node_modules/.bin/geo2topo'
434 silly reify ]
435 silly reify mark retired [
435 silly reify   '/home/user/studio/node_modules/topojson-client',
435 silly reify   '/home/user/studio/node_modules/.bin/topo2geo',
435 silly reify   '/home/user/studio/node_modules/.bin/topomerge',
435 silly reify   '/home/user/studio/node_modules/.bin/topoquantize'
435 silly reify ]
436 silly reify mark retired [
436 silly reify   '/home/user/studio/node_modules/tsx',
436 silly reify   '/home/user/studio/node_modules/.bin/tsx'
436 silly reify ]
437 silly reify mark retired [
437 silly reify   '/home/user/studio/node_modules/uglify-js',
437 silly reify   '/home/user/studio/node_modules/.bin/uglifyjs'
437 silly reify ]
438 silly reify mark retired [
438 silly reify   '/home/user/studio/node_modules/typescript',
438 silly reify   '/home/user/studio/node_modules/.bin/tsc',
438 silly reify   '/home/user/studio/node_modules/.bin/tsserver'
438 silly reify ]
439 silly reify mark retired [
439 silly reify   '/home/user/studio/node_modules/thriftrw',
439 silly reify   '/home/user/studio/node_modules/.bin/thrift2json'
439 silly reify ]
440 silly reify mark retired [
440 silly reify   '/home/user/studio/node_modules/universal-analytics/node_modules/uuid',
440 silly reify   '/home/user/studio/node_modules/universal-analytics/node_modules/.bin/uuid'
440 silly reify ]
441 silly reify mark retired [
441 silly reify   '/home/user/studio/node_modules/update-browserslist-db',
441 silly reify   '/home/user/studio/node_modules/.bin/update-browserslist-db'
441 silly reify ]
442 silly reify mark retired [
442 silly reify   '/home/user/studio/node_modules/uuid',
442 silly reify   '/home/user/studio/node_modules/.bin/uuid'
442 silly reify ]
443 silly reify mark retired [
443 silly reify   '/home/user/studio/node_modules/which',
443 silly reify   '/home/user/studio/node_modules/.bin/node-which'
443 silly reify ]
444 silly reify mark retired [
444 silly reify   '/home/user/studio/node_modules/yaml',
444 silly reify   '/home/user/studio/node_modules/.bin/yaml'
444 silly reify ]
445 silly reify mark retired [
445 silly reify   '/home/user/studio/node_modules/@apidevtools/json-schema-ref-parser/node_modules/js-yaml',
445 silly reify   '/home/user/studio/node_modules/@apidevtools/json-schema-ref-parser/node_modules/.bin/js-yaml'
445 silly reify ]
446 silly reify mark retired [
446 silly reify   '/home/user/studio/node_modules/@google-cloud/logging/node_modules/uuid',
446 silly reify   '/home/user/studio/node_modules/@google-cloud/logging/node_modules/.bin/uuid'
446 silly reify ]
447 silly reify mark retired [
447 silly reify   '/home/user/studio/node_modules/@google-cloud/modelarmor/node_modules/@grpc/proto-loader',
447 silly reify   '/home/user/studio/node_modules/@google-cloud/modelarmor/node_modules/.bin/proto-loader-gen-types'
447 silly reify ]
448 silly reify mark retired [
448 silly reify   '/home/user/studio/node_modules/@google-cloud/storage/node_modules/uuid',
448 silly reify   '/home/user/studio/node_modules/@google-cloud/storage/node_modules/.bin/uuid'
448 silly reify ]
449 silly reify mark retired [
449 silly reify   '/home/user/studio/node_modules/@grpc/proto-loader',
449 silly reify   '/home/user/studio/node_modules/.bin/proto-loader-gen-types'
449 silly reify ]
450 silly reify moves {
450 silly reify   '/home/user/studio/node_modules/fsevents': '/home/user/studio/node_modules/.fsevents-SsRI6qG8',
450 silly reify   '/home/user/studio/node_modules/next': '/home/user/studio/node_modules/.next-9hPmzdsF',
450 silly reify   '/home/user/studio/node_modules/@esbuild/aix-ppc64': '/home/user/studio/node_modules/@esbuild/.aix-ppc64-FfxTkCSJ',
450 silly reify   '/home/user/studio/node_modules/@esbuild/android-arm': '/home/user/studio/node_modules/@esbuild/.android-arm-2lz9ze0I',
450 silly reify   '/home/user/studio/node_modules/@esbuild/android-arm64': '/home/user/studio/node_modules/@esbuild/.android-arm64-IkynEeW7',
450 silly reify   '/home/user/studio/node_modules/@esbuild/android-x64': '/home/user/studio/node_modules/@esbuild/.android-x64-a622iEWh',
450 silly reify   '/home/user/studio/node_modules/@esbuild/darwin-arm64': '/home/user/studio/node_modules/@esbuild/.darwin-arm64-fhmMGAmC',
450 silly reify   '/home/user/studio/node_modules/@esbuild/darwin-x64': '/home/user/studio/node_modules/@esbuild/.darwin-x64-ld4e5F52',
450 silly reify   '/home/user/studio/node_modules/@esbuild/freebsd-arm64': '/home/user/studio/node_modules/@esbuild/.freebsd-arm64-nAOMGLuH',
450 silly reify   '/home/user/studio/node_modules/@esbuild/freebsd-x64': '/home/user/studio/node_modules/@esbuild/.freebsd-x64-ElBxarwM',
450 silly reify   '/home/user/studio/node_modules/@esbuild/linux-arm': '/home/user/studio/node_modules/@esbuild/.linux-arm-p4Ae7abW',
450 silly reify   '/home/user/studio/node_modules/@esbuild/linux-arm64': '/home/user/studio/node_modules/@esbuild/.linux-arm64-dPiU7vX9',
450 silly reify   '/home/user/studio/node_modules/@esbuild/linux-ia32': '/home/user/studio/node_modules/@esbuild/.linux-ia32-cAGCndc5',
450 silly reify   '/home/user/studio/node_modules/@esbuild/linux-loong64': '/home/user/studio/node_modules/@esbuild/.linux-loong64-8UZfqaxH',
450 silly reify   '/home/user/studio/node_modules/@esbuild/linux-mips64el': '/home/user/studio/node_modules/@esbuild/.linux-mips64el-z6ZxxJxO',
450 silly reify   '/home/user/studio/node_modules/@esbuild/linux-ppc64': '/home/user/studio/node_modules/@esbuild/.linux-ppc64-LZ7zdTQ0',
450 silly reify   '/home/user/studio/node_modules/@esbuild/linux-riscv64': '/home/user/studio/node_modules/@esbuild/.linux-riscv64-CJv9MFxs',
450 silly reify   '/home/user/studio/node_modules/@esbuild/linux-s390x': '/home/user/studio/node_modules/@esbuild/.linux-s390x-rVRGxrJk',
450 silly reify   '/home/user/studio/node_modules/@esbuild/netbsd-arm64': '/home/user/studio/node_modules/@esbuild/.netbsd-arm64-1jHz9mK8',
450 silly reify   '/home/user/studio/node_modules/@esbuild/netbsd-x64': '/home/user/studio/node_modules/@esbuild/.netbsd-x64-H9Em2KKy',
450 silly reify   '/home/user/studio/node_modules/@esbuild/openbsd-arm64': '/home/user/studio/node_modules/@esbuild/.openbsd-arm64-krXX6SpD',
450 silly reify   '/home/user/studio/node_modules/@esbuild/openbsd-x64': '/home/user/studio/node_modules/@esbuild/.openbsd-x64-voarBk6R',
450 silly reify   '/home/user/studio/node_modules/@esbuild/openharmony-arm64': '/home/user/studio/node_modules/@esbuild/.openharmony-arm64-0mwb9MZI',
450 silly reify   '/home/user/studio/node_modules/@esbuild/sunos-x64': '/home/user/studio/node_modules/@esbuild/.sunos-x64-vNuGVjn4',
450 silly reify   '/home/user/studio/node_modules/@esbuild/win32-arm64': '/home/user/studio/node_modules/@esbuild/.win32-arm64-w4DaAMIN',
450 silly reify   '/home/user/studio/node_modules/@esbuild/win32-ia32': '/home/user/studio/node_modules/@esbuild/.win32-ia32-RM2vbcJA',
450 silly reify   '/home/user/studio/node_modules/@esbuild/win32-x64': '/home/user/studio/node_modules/@esbuild/.win32-x64-0jyHc4cq',
450 silly reify   '/home/user/studio/node_modules/@img/sharp-darwin-arm64': '/home/user/studio/node_modules/@img/.sharp-darwin-arm64-mPx7tWv4',
450 silly reify   '/home/user/studio/node_modules/@img/sharp-darwin-x64': '/home/user/studio/node_modules/@img/.sharp-darwin-x64-gdfoiNwt',
450 silly reify   '/home/user/studio/node_modules/@img/sharp-libvips-darwin-arm64': '/home/user/studio/node_modules/@img/.sharp-libvips-darwin-arm64-HThsjfh0',
450 silly reify   '/home/user/studio/node_modules/@img/sharp-libvips-darwin-x64': '/home/user/studio/node_modules/@img/.sharp-libvips-darwin-x64-8vFpDAxN',
450 silly reify   '/home/user/studio/node_modules/@img/sharp-libvips-linux-arm64': '/home/user/studio/node_modules/@img/.sharp-libvips-linux-arm64-scpzYZFl',
450 silly reify   '/home/user/studio/node_modules/@img/sharp-libvips-linux-arm': '/home/user/studio/node_modules/@img/.sharp-libvips-linux-arm-IYsejJ2M',
450 silly reify   '/home/user/studio/node_modules/@img/sharp-libvips-linux-s390x': '/home/user/studio/node_modules/@img/.sharp-libvips-linux-s390x-mioGwUa8',
450 silly reify   '/home/user/studio/node_modules/@img/sharp-libvips-linuxmusl-arm64': '/home/user/studio/node_modules/@img/.sharp-libvips-linuxmusl-arm64-tXdg3fgd',
450 silly reify   '/home/user/studio/node_modules/@img/sharp-linux-arm': '/home/user/studio/node_modules/@img/.sharp-linux-arm-5Oq4gflu',
450 silly reify   '/home/user/studio/node_modules/@img/sharp-linux-arm64': '/home/user/studio/node_modules/@img/.sharp-linux-arm64-hQmJhMlK',
450 silly reify   '/home/user/studio/node_modules/@img/sharp-linux-s390x': '/home/user/studio/node_modules/@img/.sharp-linux-s390x-U5w5i0SY',
450 silly reify   '/home/user/studio/node_modules/@img/sharp-linuxmusl-arm64': '/home/user/studio/node_modules/@img/.sharp-linuxmusl-arm64-FXSkr1O5',
450 silly reify   '/home/user/studio/node_modules/@img/sharp-wasm32': '/home/user/studio/node_modules/@img/.sharp-wasm32-4GjmN2PU',
450 silly reify   '/home/user/studio/node_modules/@img/sharp-win32-ia32': '/home/user/studio/node_modules/@img/.sharp-win32-ia32-s1S9y5R9',
450 silly reify   '/home/user/studio/node_modules/@img/sharp-win32-x64': '/home/user/studio/node_modules/@img/.sharp-win32-x64-TcWRFCyI',
450 silly reify   '/home/user/studio/node_modules/@msgpackr-extract/msgpackr-extract-darwin-arm64': '/home/user/studio/node_modules/@msgpackr-extract/.msgpackr-extract-darwin-arm64-joCBskzy',
450 silly reify   '/home/user/studio/node_modules/@msgpackr-extract/msgpackr-extract-darwin-x64': '/home/user/studio/node_modules/@msgpackr-extract/.msgpackr-extract-darwin-x64-t3FvcarU',
450 silly reify   '/home/user/studio/node_modules/@msgpackr-extract/msgpackr-extract-linux-arm': '/home/user/studio/node_modules/@msgpackr-extract/.msgpackr-extract-linux-arm-EnnwqNMR',
450 silly reify   '/home/user/studio/node_modules/@msgpackr-extract/msgpackr-extract-linux-arm64': '/home/user/studio/node_modules/@msgpackr-extract/.msgpackr-extract-linux-arm64-GolVSwFO',
450 silly reify   '/home/user/studio/node_modules/@msgpackr-extract/msgpackr-extract-win32-x64': '/home/user/studio/node_modules/@msgpackr-extract/.msgpackr-extract-win32-x64-Ywd5e6lG',
450 silly reify   '/home/user/studio/node_modules/@next/swc-darwin-arm64': '/home/user/studio/node_modules/@next/.swc-darwin-arm64-xrND3zDS',
450 silly reify   '/home/user/studio/node_modules/@next/swc-darwin-x64': '/home/user/studio/node_modules/@next/.swc-darwin-x64-nW3s7wPE',
450 silly reify   '/home/user/studio/node_modules/@next/swc-linux-arm64-gnu': '/home/user/studio/node_modules/@next/.swc-linux-arm64-gnu-MjjFCSQS',
450 silly reify   '/home/user/studio/node_modules/@next/swc-linux-arm64-musl': '/home/user/studio/node_modules/@next/.swc-linux-arm64-musl-hQpwQecq',
450 silly reify   '/home/user/studio/node_modules/@next/swc-linux-x64-musl': '/home/user/studio/node_modules/@next/.swc-linux-x64-musl-azXQI4sM',
450 silly reify   '/home/user/studio/node_modules/@next/swc-win32-arm64-msvc': '/home/user/studio/node_modules/@next/.swc-win32-arm64-msvc-64fkwCmu',
450 silly reify   '/home/user/studio/node_modules/@next/swc-win32-ia32-msvc': '/home/user/studio/node_modules/@next/.swc-win32-ia32-msvc-Bp6ABK3h',
450 silly reify   '/home/user/studio/node_modules/@next/swc-win32-x64-msvc': '/home/user/studio/node_modules/@next/.swc-win32-x64-msvc-ZOyWBPah',
450 silly reify   '/home/user/studio/node_modules/acorn': '/home/user/studio/node_modules/.acorn-gUiWqQmv',
450 silly reify   '/home/user/studio/node_modules/.bin/acorn': '/home/user/studio/node_modules/.bin/.acorn-ZuwmjnCf',
450 silly reify   '/home/user/studio/node_modules/autoprefixer': '/home/user/studio/node_modules/.autoprefixer-cvhFp19K',
450 silly reify   '/home/user/studio/node_modules/.bin/autoprefixer': '/home/user/studio/node_modules/.bin/.autoprefixer-4KESJCmK',
450 silly reify   '/home/user/studio/node_modules/baseline-browser-mapping': '/home/user/studio/node_modules/.baseline-browser-mapping-rBYROREw',
450 silly reify   '/home/user/studio/node_modules/.bin/baseline-browser-mapping': '/home/user/studio/node_modules/.bin/.baseline-browser-mapping-EmZ3NZKg',
450 silly reify   '/home/user/studio/node_modules/browserslist': '/home/user/studio/node_modules/.browserslist-XzH3XYzb',
450 silly reify   '/home/user/studio/node_modules/.bin/browserslist': '/home/user/studio/node_modules/.bin/.browserslist-m5lG1Y43',
450 silly reify   '/home/user/studio/node_modules/bullmq/node_modules/uuid': '/home/user/studio/node_modules/bullmq/node_modules/.uuid-WUWwHc0n',
450 silly reify   '/home/user/studio/node_modules/bullmq/node_modules/.bin/uuid': '/home/user/studio/node_modules/bullmq/node_modules/.bin/.uuid-CpbuUixX',
450 silly reify   '/home/user/studio/node_modules/cli-highlight': '/home/user/studio/node_modules/.cli-highlight-sl63ASgk',
450 silly reify   '/home/user/studio/node_modules/.bin/highlight': '/home/user/studio/node_modules/.bin/.highlight-gPr222RB',
450 silly reify   '/home/user/studio/node_modules/cross-env': '/home/user/studio/node_modules/.cross-env-oX2BW25h',
450 silly reify   '/home/user/studio/node_modules/.bin/cross-env': '/home/user/studio/node_modules/.bin/.cross-env-CxY2ZyQs',
450 silly reify   '/home/user/studio/node_modules/.bin/cross-env-shell': '/home/user/studio/node_modules/.bin/.cross-env-shell-GzPOpfWs',
450 silly reify   '/home/user/studio/node_modules/crc-32': '/home/user/studio/node_modules/.crc-32-EiOxW574',
450 silly reify   '/home/user/studio/node_modules/.bin/crc32': '/home/user/studio/node_modules/.bin/.crc32-iobNDcoG',
450 silly reify   '/home/user/studio/node_modules/cssesc': '/home/user/studio/node_modules/.cssesc-xlUoWbFV',
450 silly reify   '/home/user/studio/node_modules/.bin/cssesc': '/home/user/studio/node_modules/.bin/.cssesc-4xC29EHK',
450 silly reify   '/home/user/studio/node_modules/esbuild': '/home/user/studio/node_modules/.esbuild-mDeZN90B',
450 silly reify   '/home/user/studio/node_modules/.bin/esbuild': '/home/user/studio/node_modules/.bin/.esbuild-UWTIVwQu',
450 silly reify   '/home/user/studio/node_modules/escodegen': '/home/user/studio/node_modules/.escodegen-JrLsJETn',
450 silly reify   '/home/user/studio/node_modules/.bin/esgenerate': '/home/user/studio/node_modules/.bin/.esgenerate-WwsZFStz',
450 silly reify   '/home/user/studio/node_modules/.bin/escodegen': '/home/user/studio/node_modules/.bin/.escodegen-vi8kdPJ3',
450 silly reify   '/home/user/studio/node_modules/esprima': '/home/user/studio/node_modules/.esprima-0tUlysXr',
450 silly reify   '/home/user/studio/node_modules/.bin/esparse': '/home/user/studio/node_modules/.bin/.esparse-FsZYtYG0',
450 silly reify   '/home/user/studio/node_modules/.bin/esvalidate': '/home/user/studio/node_modules/.bin/.esvalidate-VEdE6CvY',
450 silly reify   '/home/user/studio/node_modules/eventid/node_modules/uuid': '/home/user/studio/node_modules/eventid/node_modules/.uuid-VMSa1vwY',
450 silly reify   '/home/user/studio/node_modules/eventid/node_modules/.bin/uuid': '/home/user/studio/node_modules/eventid/node_modules/.bin/.uuid-Hs8Qu4nE',
450 silly reify   '/home/user/studio/node_modules/fastify/node_modules/pino': '/home/user/studio/node_modules/fastify/node_modules/.pino-2IRc55rx',
450 silly reify   '/home/user/studio/node_modules/fastify/node_modules/.bin/pino': '/home/user/studio/node_modules/fastify/node_modules/.bin/.pino-lmq7lElY',
450 silly reify   '/home/user/studio/node_modules/fast-xml-parser': '/home/user/studio/node_modules/.fast-xml-parser-z5932AIu',
450 silly reify   '/home/user/studio/node_modules/.bin/fxparser': '/home/user/studio/node_modules/.bin/.fxparser-xZb1RXl5',
450 silly reify   '/home/user/studio/node_modules/gaxios/node_modules/uuid': '/home/user/studio/node_modules/gaxios/node_modules/.uuid-aqMZW0bF',
450 silly reify   '/home/user/studio/node_modules/gaxios/node_modules/.bin/uuid': '/home/user/studio/node_modules/gaxios/node_modules/.bin/.uuid-TneNzOoO',
450 silly reify   '/home/user/studio/node_modules/glob': '/home/user/studio/node_modules/.glob-bZKonDXl',
450 silly reify   '/home/user/studio/node_modules/.bin/glob': '/home/user/studio/node_modules/.bin/.glob-RKrvypqt',
450 silly reify   '/home/user/studio/node_modules/firebase-tools': '/home/user/studio/node_modules/.firebase-tools-l4hRNA2n',
450 silly reify   '/home/user/studio/node_modules/.bin/firebase': '/home/user/studio/node_modules/.bin/.firebase-yrdNAT7E',
450 silly reify   '/home/user/studio/node_modules/googleapis/node_modules/uuid': '/home/user/studio/node_modules/googleapis/node_modules/.uuid-P4KRfJ5u',
450 silly reify   '/home/user/studio/node_modules/googleapis/node_modules/.bin/uuid': '/home/user/studio/node_modules/googleapis/node_modules/.bin/.uuid-g3ORIKd2',
450 silly reify   '/home/user/studio/node_modules/google-gax/node_modules/uuid': '/home/user/studio/node_modules/google-gax/node_modules/.uuid-cZfhDClq',
450 silly reify   '/home/user/studio/node_modules/google-gax/node_modules/.bin/uuid': '/home/user/studio/node_modules/google-gax/node_modules/.bin/.uuid-HIEE9it5',
450 silly reify   '/home/user/studio/node_modules/google-gax/node_modules/@grpc/grpc-js/node_modules/@grpc/proto-loader': '/home/user/studio/node_modules/google-gax/node_modules/@grpc/grpc-js/node_modules/@grpc/.proto-loader-OeoPn70r',
450 silly reify   '/home/user/studio/node_modules/google-gax/node_modules/@grpc/grpc-js/node_modules/.bin/proto-loader-gen-types': '/home/user/studio/node_modules/google-gax/node_modules/@grpc/grpc-js/node_modules/.bin/.proto-loader-gen-types-yDuzSq5n',
450 silly reify   '/home/user/studio/node_modules/handlebars': '/home/user/studio/node_modules/.handlebars-cyVBiOBh',
450 silly reify   '/home/user/studio/node_modules/.bin/handlebars': '/home/user/studio/node_modules/.bin/.handlebars-FJ1ZaMFj',
450 silly reify   '/home/user/studio/node_modules/hexer': '/home/user/studio/node_modules/.hexer-85eO9HnE',
450 silly reify   '/home/user/studio/node_modules/.bin/hexer': '/home/user/studio/node_modules/.bin/.hexer-Srp3aceZ',
450 silly reify   '/home/user/studio/node_modules/install-artifact-from-github': '/home/user/studio/node_modules/.install-artifact-from-github-MYHNGMsv',
450 silly reify   '/home/user/studio/node_modules/.bin/install-from-cache': '/home/user/studio/node_modules/.bin/.install-from-cache-VMJ3SNFf',
450 silly reify   '/home/user/studio/node_modules/.bin/save-to-github-cache': '/home/user/studio/node_modules/.bin/.save-to-github-cache-9Zuv2s1L',
450 silly reify   '/home/user/studio/node_modules/is-ci': '/home/user/studio/node_modules/.is-ci-2SS0hFvm',
450 silly reify   '/home/user/studio/node_modules/.bin/is-ci': '/home/user/studio/node_modules/.bin/.is-ci-Z8dXAt25',
450 silly reify   '/home/user/studio/node_modules/jiti': '/home/user/studio/node_modules/.jiti-8dz0UtZI',
450 silly reify   '/home/user/studio/node_modules/.bin/jiti': '/home/user/studio/node_modules/.bin/.jiti-pwE2xzKV',
450 silly reify   '/home/user/studio/node_modules/jaeger-client/node_modules/uuid': '/home/user/studio/node_modules/jaeger-client/node_modules/.uuid-ogeZkiKp',
450 silly reify   '/home/user/studio/node_modules/jaeger-client/node_modules/.bin/uuid': '/home/user/studio/node_modules/jaeger-client/node_modules/.bin/.uuid-dYfSLw0M',
450 silly reify   '/home/user/studio/node_modules/js-yaml': '/home/user/studio/node_modules/.js-yaml-D9ypoQIR',
450 silly reify   '/home/user/studio/node_modules/.bin/js-yaml': '/home/user/studio/node_modules/.bin/.js-yaml-em1JRvw5',
450 silly reify   '/home/user/studio/node_modules/json5': '/home/user/studio/node_modules/.json5-odjAV9il',
450 silly reify   '/home/user/studio/node_modules/.bin/json5': '/home/user/studio/node_modules/.bin/.json5-CjXsm6ya',
450 silly reify   '/home/user/studio/node_modules/jsonpath-plus': '/home/user/studio/node_modules/.jsonpath-plus-kbnSky4T',
450 silly reify   '/home/user/studio/node_modules/.bin/jsonpath': '/home/user/studio/node_modules/.bin/.jsonpath-dUt2FXti',
450 silly reify   '/home/user/studio/node_modules/.bin/jsonpath-plus': '/home/user/studio/node_modules/.bin/.jsonpath-plus-wJVAWmcx',
450 silly reify   '/home/user/studio/node_modules/loose-envify': '/home/user/studio/node_modules/.loose-envify-MgtAmc9u',
450 silly reify   '/home/user/studio/node_modules/.bin/loose-envify': '/home/user/studio/node_modules/.bin/.loose-envify-hfMA16Kr',
450 silly reify   '/home/user/studio/node_modules/marked': '/home/user/studio/node_modules/.marked-j0d5D7Fg',
450 silly reify   '/home/user/studio/node_modules/.bin/marked': '/home/user/studio/node_modules/.bin/.marked-AB9veTDI',
450 silly reify   '/home/user/studio/node_modules/mime': '/home/user/studio/node_modules/.mime-8d52Sfxq',
450 silly reify   '/home/user/studio/node_modules/.bin/mime': '/home/user/studio/node_modules/.bin/.mime-4CZQWAeZ',
450 silly reify   '/home/user/studio/node_modules/make-dir/node_modules/semver': '/home/user/studio/node_modules/make-dir/node_modules/.semver-yrO2HK8C',
450 silly reify   '/home/user/studio/node_modules/make-dir/node_modules/.bin/semver': '/home/user/studio/node_modules/make-dir/node_modules/.bin/.semver-KJpUZvgp',
450 silly reify   '/home/user/studio/node_modules/mkdirp': '/home/user/studio/node_modules/.mkdirp-NC2e5zy0',
450 silly reify   '/home/user/studio/node_modules/.bin/mkdirp': '/home/user/studio/node_modules/.bin/.mkdirp-ezkNpaKx',
450 silly reify   '/home/user/studio/node_modules/msgpackr-extract': '/home/user/studio/node_modules/.msgpackr-extract-AAJO23vN',
450 silly reify   '/home/user/studio/node_modules/.bin/download-msgpackr-prebuilds': '/home/user/studio/node_modules/.bin/.download-msgpackr-prebuilds-3vsDHO8O',
450 silly reify   '/home/user/studio/node_modules/nanoid': '/home/user/studio/node_modules/.nanoid-tfx1ELoc',
450 silly reify   '/home/user/studio/node_modules/.bin/nanoid': '/home/user/studio/node_modules/.bin/.nanoid-KH7Dov0x',
450 silly reify   '/home/user/studio/node_modules/nearley': '/home/user/studio/node_modules/.nearley-AWndpdq6',
450 silly reify   '/home/user/studio/node_modules/.bin/nearleyc': '/home/user/studio/node_modules/.bin/.nearleyc-sckOljGr',
450 silly reify   '/home/user/studio/node_modules/.bin/nearley-test': '/home/user/studio/node_modules/.bin/.nearley-test-bLBKmBpu',
450 silly reify   '/home/user/studio/node_modules/.bin/nearley-unparse': '/home/user/studio/node_modules/.bin/.nearley-unparse-MHLNHKMj',
450 silly reify   '/home/user/studio/node_modules/.bin/nearley-railroad': '/home/user/studio/node_modules/.bin/.nearley-railroad-jMzcYDjk',
450 silly reify   '/home/user/studio/node_modules/node-gyp': '/home/user/studio/node_modules/.node-gyp-CooYsp9V',
450 silly reify   '/home/user/studio/node_modules/.bin/node-gyp': '/home/user/studio/node_modules/.bin/.node-gyp-lqDwlAJJ',
450 silly reify   '/home/user/studio/node_modules/node-gyp-build': '/home/user/studio/node_modules/.node-gyp-build-CQylyE9M',
450 silly reify   '/home/user/studio/node_modules/.bin/node-gyp-build': '/home/user/studio/node_modules/.bin/.node-gyp-build-jgwAxdaM',
450 silly reify   '/home/user/studio/node_modules/.bin/node-gyp-build-optional': '/home/user/studio/node_modules/.bin/.node-gyp-build-optional-ggNewCOn',
450 silly reify   '/home/user/studio/node_modules/.bin/node-gyp-build-test': '/home/user/studio/node_modules/.bin/.node-gyp-build-test-Tr23ESLG',
450 silly reify   '/home/user/studio/node_modules/node-gyp-build-optional-packages': '/home/user/studio/node_modules/.node-gyp-build-optional-packages-YEzaFaIJ',
450 silly reify   '/home/user/studio/node_modules/.bin/node-gyp-build-optional-packages': '/home/user/studio/node_modules/.bin/.node-gyp-build-optional-packages-vaObwknB',
450 silly reify   '/home/user/studio/node_modules/.bin/node-gyp-build-optional-packages-optional': '/home/user/studio/node_modules/.bin/.node-gyp-build-optional-packages-optional-x5Zexa59',
450 silly reify   '/home/user/studio/node_modules/.bin/node-gyp-build-optional-packages-test': '/home/user/studio/node_modules/.bin/.node-gyp-build-optional-packages-test-5kfyq3nE',
450 silly reify   '/home/user/studio/node_modules/nopt': '/home/user/studio/node_modules/.nopt-cbhxXAKI',
450 silly reify   '/home/user/studio/node_modules/.bin/nopt': '/home/user/studio/node_modules/.bin/.nopt-YmPDUJiS',
450 silly reify   '/home/user/studio/node_modules/pino': '/home/user/studio/node_modules/.pino-vSdi08sO',
450 silly reify   '/home/user/studio/node_modules/.bin/pino': '/home/user/studio/node_modules/.bin/.pino-EtccITvx',
450 silly reify   '/home/user/studio/node_modules/rc': '/home/user/studio/node_modules/.rc-trSp5VmL',
450 silly reify   '/home/user/studio/node_modules/.bin/rc': '/home/user/studio/node_modules/.bin/.rc-tSnVQz3i',
450 silly reify   '/home/user/studio/node_modules/resolve': '/home/user/studio/node_modules/.resolve-CNNt59Ok',
450 silly reify   '/home/user/studio/node_modules/.bin/resolve': '/home/user/studio/node_modules/.bin/.resolve-KOYwCcGI',
450 silly reify   '/home/user/studio/node_modules/semver-diff/node_modules/semver': '/home/user/studio/node_modules/semver-diff/node_modules/.semver-Kkg8cufI',
450 silly reify   '/home/user/studio/node_modules/semver-diff/node_modules/.bin/semver': '/home/user/studio/node_modules/semver-diff/node_modules/.bin/.semver-ce5fH51h',
450 silly reify   '/home/user/studio/node_modules/send/node_modules/mime': '/home/user/studio/node_modules/send/node_modules/.mime-3QvX2acm',
450 silly reify   '/home/user/studio/node_modules/send/node_modules/.bin/mime': '/home/user/studio/node_modules/send/node_modules/.bin/.mime-7ePMwQpB',
450 silly reify   '/home/user/studio/node_modules/semver': '/home/user/studio/node_modules/.semver-WTitKPjj',
450 silly reify   '/home/user/studio/node_modules/.bin/semver': '/home/user/studio/node_modules/.bin/.semver-MWwTuWUS',
450 silly reify   '/home/user/studio/node_modules/rimraf': '/home/user/studio/node_modules/.rimraf-JbVrXx5T',
450 silly reify   '/home/user/studio/node_modules/.bin/rimraf': '/home/user/studio/node_modules/.bin/.rimraf-vZRfIj3Z',
450 silly reify   '/home/user/studio/node_modules/sql-formatter': '/home/user/studio/node_modules/.sql-formatter-eVfp3tpj',
450 silly reify   '/home/user/studio/node_modules/.bin/sql-formatter': '/home/user/studio/node_modules/.bin/.sql-formatter-55BrZHXH',
450 silly reify   '/home/user/studio/node_modules/superstatic': '/home/user/studio/node_modules/.superstatic-dcHwUWAU',
450 silly reify   '/home/user/studio/node_modules/.bin/superstatic': '/home/user/studio/node_modules/.bin/.superstatic-LGcN3rlV',
450 silly reify   '/home/user/studio/node_modules/tailwindcss': '/home/user/studio/node_modules/.tailwindcss-cRuOxhHe',
450 silly reify   '/home/user/studio/node_modules/.bin/tailwind': '/home/user/studio/node_modules/.bin/.tailwind-Vchwzs7f',
450 silly reify   '/home/user/studio/node_modules/.bin/tailwindcss': '/home/user/studio/node_modules/.bin/.tailwindcss-EAgnMv46',
450 silly reify   '/home/user/studio/node_modules/sucrase': '/home/user/studio/node_modules/.sucrase-F7LK7HEQ',
450 silly reify   '/home/user/studio/node_modules/.bin/sucrase': '/home/user/studio/node_modules/.bin/.sucrase-k3y2dyky',
450 silly reify   '/home/user/studio/node_modules/.bin/sucrase-node': '/home/user/studio/node_modules/.bin/.sucrase-node-gEBevT2u',
450 silly reify   '/home/user/studio/node_modules/teeny-request/node_modules/uuid': '/home/user/studio/node_modules/teeny-request/node_modules/.uuid-J2twgSHn',
450 silly reify   '/home/user/studio/node_modules/teeny-request/node_modules/.bin/uuid': '/home/user/studio/node_modules/teeny-request/node_modules/.bin/.uuid-pPg6oKHi',
450 silly reify   '/home/user/studio/node_modules/topojson-server': '/home/user/studio/node_modules/.topojson-server-rWuof8eQ',
450 silly reify   '/home/user/studio/node_modules/.bin/geo2topo': '/home/user/studio/node_modules/.bin/.geo2topo-orywjksV',
450 silly reify   '/home/user/studio/node_modules/topojson-client': '/home/user/studio/node_modules/.topojson-client-v4UiMqOv',
450 silly reify   '/home/user/studio/node_modules/.bin/topo2geo': '/home/user/studio/node_modules/.bin/.topo2geo-p2wCwaao',
450 silly reify   '/home/user/studio/node_modules/.bin/topomerge': '/home/user/studio/node_modules/.bin/.topomerge-N6CDgDUa',
450 silly reify   '/home/user/studio/node_modules/.bin/topoquantize': '/home/user/studio/node_modules/.bin/.topoquantize-QqydW6eK',
450 silly reify   '/home/user/studio/node_modules/tsx': '/home/user/studio/node_modules/.tsx-hy96aves',
450 silly reify   '/home/user/studio/node_modules/.bin/tsx': '/home/user/studio/node_modules/.bin/.tsx-tW2xDs6c',
450 silly reify   '/home/user/studio/node_modules/uglify-js': '/home/user/studio/node_modules/.uglify-js-EF4wLwLD',
450 silly reify   '/home/user/studio/node_modules/.bin/uglifyjs': '/home/user/studio/node_modules/.bin/.uglifyjs-CWRtQ2Yu',
450 silly reify   '/home/user/studio/node_modules/typescript': '/home/user/studio/node_modules/.typescript-NzgGZjz4',
450 silly reify   '/home/user/studio/node_modules/.bin/tsc': '/home/user/studio/node_modules/.bin/.tsc-QOTJqp1s',
450 silly reify   '/home/user/studio/node_modules/.bin/tsserver': '/home/user/studio/node_modules/.bin/.tsserver-xinrGGLu',
450 silly reify   '/home/user/studio/node_modules/thriftrw': '/home/user/studio/node_modules/.thriftrw-GeK1Hwvp',
450 silly reify   '/home/user/studio/node_modules/.bin/thrift2json': '/home/user/studio/node_modules/.bin/.thrift2json-1G5KriAp',
450 silly reify   '/home/user/studio/node_modules/universal-analytics/node_modules/uuid': '/home/user/studio/node_modules/universal-analytics/node_modules/.uuid-9n5EIMUz',
450 silly reify   '/home/user/studio/node_modules/universal-analytics/node_modules/.bin/uuid': '/home/user/studio/node_modules/universal-analytics/node_modules/.bin/.uuid-tvSqIRaa',
450 silly reify   '/home/user/studio/node_modules/update-browserslist-db': '/home/user/studio/node_modules/.update-browserslist-db-rcCtYQZp',
450 silly reify   '/home/user/studio/node_modules/.bin/update-browserslist-db': '/home/user/studio/node_modules/.bin/.update-browserslist-db-t9gibePK',
450 silly reify   '/home/user/studio/node_modules/uuid': '/home/user/studio/node_modules/.uuid-bUZkFiSE',
450 silly reify   '/home/user/studio/node_modules/.bin/uuid': '/home/user/studio/node_modules/.bin/.uuid-CSoDwIo6',
450 silly reify   '/home/user/studio/node_modules/which': '/home/user/studio/node_modules/.which-9hz51yUM',
450 silly reify   '/home/user/studio/node_modules/.bin/node-which': '/home/user/studio/node_modules/.bin/.node-which-FJiYZt9N',
450 silly reify   '/home/user/studio/node_modules/yaml': '/home/user/studio/node_modules/.yaml-lPNPoFzc',
450 silly reify   '/home/user/studio/node_modules/.bin/yaml': '/home/user/studio/node_modules/.bin/.yaml-4Dkn2DB3',
450 silly reify   '/home/user/studio/node_modules/@apidevtools/json-schema-ref-parser/node_modules/js-yaml': '/home/user/studio/node_modules/@apidevtools/json-schema-ref-parser/node_modules/.js-yaml-E30TQ10R',
450 silly reify   '/home/user/studio/node_modules/@apidevtools/json-schema-ref-parser/node_modules/.bin/js-yaml': '/home/user/studio/node_modules/@apidevtools/json-schema-ref-parser/node_modules/.bin/.js-yaml-7OcWXOAS',
450 silly reify   '/home/user/studio/node_modules/@google-cloud/logging/node_modules/uuid': '/home/user/studio/node_modules/@google-cloud/logging/node_modules/.uuid-WEgauBZZ',
450 silly reify   '/home/user/studio/node_modules/@google-cloud/logging/node_modules/.bin/uuid': '/home/user/studio/node_modules/@google-cloud/logging/node_modules/.bin/.uuid-vrD61Uxe',
450 silly reify   '/home/user/studio/node_modules/@google-cloud/modelarmor/node_modules/@grpc/proto-loader': '/home/user/studio/node_modules/@google-cloud/modelarmor/node_modules/@grpc/.proto-loader-qNz3BCmN',
450 silly reify   '/home/user/studio/node_modules/@google-cloud/modelarmor/node_modules/.bin/proto-loader-gen-types': '/home/user/studio/node_modules/@google-cloud/modelarmor/node_modules/.bin/.proto-loader-gen-types-HOwjLURl',
450 silly reify   '/home/user/studio/node_modules/@google-cloud/storage/node_modules/uuid': '/home/user/studio/node_modules/@google-cloud/storage/node_modules/.uuid-O4ZdpCEg',
450 silly reify   '/home/user/studio/node_modules/@google-cloud/storage/node_modules/.bin/uuid': '/home/user/studio/node_modules/@google-cloud/storage/node_modules/.bin/.uuid-jG27RYNW',
450 silly reify   '/home/user/studio/node_modules/@grpc/proto-loader': '/home/user/studio/node_modules/@grpc/.proto-loader-wRhXvKzo',
450 silly reify   '/home/user/studio/node_modules/.bin/proto-loader-gen-types': '/home/user/studio/node_modules/.bin/.proto-loader-gen-types-ZBnTbX0O'
450 silly reify }
451 silly audit bulk request {
451 silly audit   postcss: [ '8.5.8', '8.4.31' ],
451 silly audit   '@next/swc-linux-x64-gnu': [ '14.2.3', '14.2.33' ],
451 silly audit   abbrev: [ '4.0.0' ],
451 silly audit   'abort-controller': [ '3.0.0' ],
451 silly audit   'abstract-logging': [ '2.0.1' ],
451 silly audit   accepts: [ '1.3.8' ],
451 silly audit   acorn: [ '8.16.0' ],
451 silly audit   'acorn-import-attributes': [ '1.9.5' ],
451 silly audit   'agent-base': [ '7.1.4', '6.0.2' ],
451 silly audit   ajv: [ '8.18.0' ],
451 silly audit   'fast-uri': [ '3.1.0', '2.4.0' ],
451 silly audit   'ajv-formats': [ '2.1.1', '3.0.1' ],
451 silly audit   'ansi-align': [ '3.0.1' ],
451 silly audit   'ansi-color': [ '0.2.2' ],
451 silly audit   'ansi-escapes': [ '4.3.2', '7.3.0' ],
451 silly audit   'ansi-regex': [ '6.2.2', '5.0.1' ],
451 silly audit   'ansi-styles': [ '4.3.0', '6.2.3' ],
451 silly audit   'any-promise': [ '1.3.0' ],
451 silly audit   anymatch: [ '3.1.3' ],
451 silly audit   archiver: [ '7.0.1' ],
451 silly audit   process: [ '0.11.10', '0.10.1' ],
451 silly audit   buffer: [ '6.0.3', '5.7.1' ],
451 silly audit   'readable-stream': [ '4.7.0', '2.3.8', '3.6.2', '1.1.14' ],
451 silly audit   'archiver-utils': [ '5.0.2' ],
451 silly audit   arg: [ '5.0.2' ],
451 silly audit   argon2: [ '0.40.3' ],
451 silly audit   argparse: [ '1.0.10', '2.0.1' ],
451 silly audit   'aria-hidden': [ '1.2.6' ],
451 silly audit   'array-flatten': [ '1.1.1' ],
451 silly audit   arrify: [ '2.0.1' ],
451 silly audit   'as-array': [ '2.0.0' ],
451 silly audit   'asn1.js': [ '5.4.1' ],
451 silly audit   'ast-types': [ '0.13.4' ],
451 silly audit   async: [ '3.2.6' ],
451 silly audit   'async-lock': [ '1.4.1' ],
451 silly audit   'async-mutex': [ '0.5.0' ],
451 silly audit   'async-retry': [ '1.3.3' ],
451 silly audit   asynckit: [ '0.4.0' ],
451 silly audit   'atomic-sleep': [ '1.0.0' ],
451 silly audit   autoprefixer: [ '10.4.27' ],
451 silly audit   avvio: [ '8.4.0' ],
451 silly audit   axios: [ '1.13.6' ],
451 silly audit   'balanced-match': [ '1.0.2', '4.0.4' ],
451 silly audit   'bare-events': [ '2.8.2' ],
451 silly audit   'bare-fs': [ '4.5.5' ],
451 silly audit   'bare-os': [ '3.7.0' ],
451 silly audit   'bare-path': [ '3.0.0' ],
451 silly audit   'bare-stream': [ '2.8.0' ],
451 silly audit   'bare-url': [ '2.3.2' ],
451 silly audit   'base64-js': [ '1.5.1' ],
451 silly audit   'baseline-browser-mapping': [ '2.10.0' ],
451 silly audit   'basic-auth': [ '2.0.1' ],
451 silly audit   'safe-buffer': [ '5.1.2', '5.2.1' ],
451 silly audit   'basic-auth-connect': [ '1.1.0' ],
451 silly audit   'basic-ftp': [ '5.2.0' ],
451 silly audit   'bignumber.js': [ '9.3.1' ],
451 silly audit   'binary-extensions': [ '2.3.0' ],
451 silly audit   bl: [ '4.1.0' ],
451 silly audit   'body-parser': [ '1.20.4' ],
451 silly audit   'bn.js': [ '4.12.3' ],
451 silly audit   boxen: [ '5.1.2' ],
451 silly audit   'type-fest': [ '0.20.2', '0.21.3' ],
451 silly audit   'wrap-ansi': [ '7.0.0', '6.2.0', '8.1.0' ],
451 silly audit   'brace-expansion': [ '1.1.12', '5.0.4', '2.0.2' ],
451 silly audit   braces: [ '3.0.3' ],
451 silly audit   browserslist: [ '4.28.1' ],
451 silly audit   'buffer-alloc': [ '1.2.0' ],
451 silly audit   'buffer-alloc-unsafe': [ '1.1.0' ],
451 silly audit   'buffer-crc32': [ '1.0.0' ],
451 silly audit   'buffer-equal-constant-time': [ '1.0.1' ],
451 silly audit   'buffer-fill': [ '1.0.0' ],
451 silly audit   'buffer-from': [ '1.1.2' ],
451 silly audit   bufrw: [ '1.4.0' ],
451 silly audit   bullmq: [ '5.70.1' ],
451 silly audit   debug: [ '4.4.3', '2.6.9', '4.3.1' ],
451 silly audit   ioredis: [ '5.9.3', '5.10.0' ],
451 silly audit   ms: [ '2.1.3', '2.0.0', '2.1.2' ],
451 silly audit   uuid: [ '11.1.0', '8.3.2', '9.0.1', '10.0.0' ],
451 silly audit   '@ioredis/commands': [ '1.5.0', '1.5.1' ],
451 silly audit   busboy: [ '1.6.0' ],
451 silly audit   bytes: [ '3.1.2' ],
451 silly audit   cacache: [ '20.0.3' ],
451 silly audit   glob: [ '13.0.6', '10.5.0' ],
451 silly audit   'lru-cache': [ '11.2.6', '6.0.0', '10.4.3', '7.18.3' ],
451 silly audit   minimatch: [ '10.2.4', '9.0.9', '3.1.5', '5.1.9', '6.2.3' ],
451 silly audit   'path-scurry': [ '2.0.2', '1.11.1' ],
451 silly audit   'call-bind': [ '1.0.8' ],
451 silly audit   'call-bound': [ '1.0.4' ],
451 silly audit   'call-bind-apply-helpers': [ '1.0.2' ],
451 silly audit   'call-me-maybe': [ '1.0.2' ],
451 silly audit   camelcase: [ '6.3.0' ],
451 silly audit   'camelcase-css': [ '2.0.1' ],
451 silly audit   'caniuse-lite': [ '1.0.30001775' ],
451 silly audit   chalk: [ '4.1.2', '5.6.2' ],
451 silly audit   'char-regex': [ '1.0.2' ],
451 silly audit   chardet: [ '2.1.1' ],
451 silly audit   chokidar: [ '3.6.0' ],
451 silly audit   chownr: [ '2.0.0', '3.0.0' ],
451 silly audit   'ci-info': [ '2.0.0' ],
451 silly audit   'cjs-module-lexer': [ '1.4.3' ],
451 silly audit   cjson: [ '0.3.3' ],
451 silly audit   'class-variance-authority': [ '0.7.0' ],
451 silly audit   clsx: [ '2.0.0', '2.1.1' ],
451 silly audit   'cli-boxes': [ '2.2.1' ],
451 silly audit   'cli-cursor': [ '3.1.0' ],
451 silly audit   'cli-highlight': [ '2.1.11' ],
451 silly audit   cliui: [ '7.0.4', '8.0.1' ],
451 silly audit   yargs: [ '16.2.0', '17.7.2' ],
451 silly audit   'yargs-parser': [ '20.2.9', '21.1.1' ],
451 silly audit   'cli-spinners': [ '2.9.2' ],
451 silly audit   'cli-table3': [ '0.6.5' ],
451 silly audit   'cli-width': [ '3.0.0' ],
451 silly audit   'client-only': [ '0.0.1' ],
451 silly audit   clone: [ '1.0.4' ],
451 silly audit   'cluster-key-slot': [ '1.1.2' ],
451 silly audit   color: [ '4.2.3', '5.0.3' ],
451 silly audit   'color-convert': [ '2.0.1', '3.1.3' ],
451 silly audit   'color-name': [ '1.1.4', '2.1.0' ],
451 silly audit   'color-string': [ '1.9.1', '2.1.4' ],
451 silly audit   colorette: [ '2.0.20' ],
451 silly audit   'combined-stream': [ '1.0.8' ],
451 silly audit   commander: [ '5.1.0', '2.20.3', '10.0.1', '4.1.1' ],
451 silly audit   'compress-commons': [ '6.0.2' ],
451 silly audit   compressible: [ '2.0.18' ],
451 silly audit   compression: [ '1.8.1' ],
451 silly audit   negotiator: [ '0.6.4', '1.0.0', '0.6.3' ],
451 silly audit   'concat-map': [ '0.0.1' ],
451 silly audit   concaveman: [ '2.0.0' ],
451 silly audit   quickselect: [ '3.0.0', '2.0.0', '1.1.1' ],
451 silly audit   rbush: [ '4.0.1', '3.0.1', '2.0.2' ],
451 silly audit   'config-chain': [ '1.1.13' ],
451 silly audit   ini: [ '1.3.8', '2.0.0' ],
451 silly audit   configstore: [ '5.0.1' ],
451 silly audit   connect: [ '3.7.0' ],
451 silly audit   encodeurl: [ '1.0.2', '2.0.0' ],
451 silly audit   finalhandler: [ '1.1.2', '1.3.2' ],
451 silly audit   'on-finished': [ '2.3.0', '2.4.1' ],
451 silly audit   statuses: [ '1.5.0', '2.0.2' ],
451 silly audit   'content-disposition': [ '0.5.4' ],
451 silly audit   'content-type': [ '1.0.5' ],
451 silly audit   cookie: [ '0.7.2' ],
451 silly audit   'cookie-signature': [ '1.0.7' ],
451 silly audit   'core-util-is': [ '1.0.3' ],
451 silly audit   cors: [ '2.8.6' ],
451 silly audit   'crc-32': [ '1.2.2' ],
451 silly audit   'crc32-stream': [ '6.0.0' ],
451 silly audit   'cron-parser': [ '4.9.0' ],
451 silly audit   'cross-env': [ '7.0.3' ],
451 silly audit   'cross-spawn': [ '7.0.6' ],
451 silly audit   'crypto-random-string': [ '2.0.0' ],
451 silly audit   cssesc: [ '3.0.0' ],
451 silly audit   csstype: [ '3.2.3' ],
451 silly audit   'csv-parse': [ '5.6.0' ],
451 silly audit   'd3-array': [ '1.2.4' ],
451 silly audit   'd3-geo': [ '1.7.1' ],
451 silly audit   'd3-voronoi': [ '1.1.2' ],
451 silly audit   'data-uri-to-buffer': [ '6.0.2', '4.0.1' ],
451 silly audit   'deep-equal': [ '1.1.2' ],
451 silly audit   'deep-equal-in-any-order': [ '2.2.0' ],
451 silly audit   'deep-extend': [ '0.6.0' ],
451 silly audit   'deep-freeze': [ '0.0.1' ],
451 silly audit   'deep-is': [ '0.1.4' ],
451 silly audit   defaults: [ '1.0.4' ],
451 silly audit   'define-data-property': [ '1.1.4' ],
451 silly audit   'define-properties': [ '1.2.1' ],
451 silly audit   degenerator: [ '5.0.1' ],
451 silly audit   'delayed-stream': [ '1.0.0' ],
451 silly audit   denque: [ '2.1.0' ],
451 silly audit   'density-clustering': [ '1.3.0' ],
451 silly audit   depd: [ '2.0.0' ],
451 silly audit   destroy: [ '1.2.0' ],
451 silly audit   'detect-libc': [ '2.1.2' ],
451 silly audit   'detect-node-es': [ '1.1.0' ],
451 silly audit   didyoumean: [ '1.2.2' ],
451 silly audit   'discontinuous-range': [ '1.0.0' ],
451 silly audit   dlv: [ '1.1.3' ],
451 silly audit   'dot-prop': [ '5.3.0', '6.0.1' ],
451 silly audit   dotprompt: [ '1.1.2' ],
451 silly audit   'dunder-proto': [ '1.0.1' ],
451 silly audit   duplexify: [ '4.1.3' ],
451 silly audit   earcut: [ '2.2.4' ],
451 silly audit   eastasianwidth: [ '0.2.0' ],
451 silly audit   'ecdsa-sig-formatter': [ '1.0.11' ],
451 silly audit   'ee-first': [ '1.1.1' ],
451 silly audit   'electron-to-chromium': [ '1.5.302' ],
451 silly audit   'embla-carousel': [ '8.6.0' ],
451 silly audit   'embla-carousel-react': [ '8.6.0' ],
451 silly audit   'embla-carousel-reactive-utils': [ '8.6.0' ],
451 silly audit   'emoji-regex': [ '8.0.0', '9.2.2' ],
451 silly audit   emojilib: [ '2.4.0' ],
451 silly audit   enabled: [ '2.0.0' ],
451 silly audit   'end-of-stream': [ '1.4.5' ],
451 silly audit   'env-paths': [ '2.2.1' ],
451 silly audit   environment: [ '1.1.0' ],
451 silly audit   error: [ '7.0.2' ],
451 silly audit   'es-define-property': [ '1.0.1' ],
451 silly audit   'es-errors': [ '1.3.0' ],
451 silly audit   'es-object-atoms': [ '1.1.1' ],
451 silly audit   'es-set-tostringtag': [ '2.1.0' ],
451 silly audit   esbuild: [ '0.27.3' ],
451 silly audit   escalade: [ '3.2.0' ],
451 silly audit   'escape-goat': [ '2.1.1' ],
451 silly audit   'escape-html': [ '1.0.3' ],
451 silly audit   'escape-string-regexp': [ '1.0.5' ],
451 silly audit   escodegen: [ '2.1.0' ],
451 silly audit   esprima: [ '4.0.1' ],
451 silly audit   estraverse: [ '5.3.0' ],
451 silly audit   esutils: [ '2.0.3' ],
451 silly audit   etag: [ '1.8.1' ],
451 silly audit   'event-target-shim': [ '5.0.1' ],
451 silly audit   eventid: [ '2.0.1' ],
451 silly audit   events: [ '3.3.0' ],
451 silly audit   'events-listener': [ '1.1.0' ],
451 silly audit   'events-universal': [ '1.0.1' ],
451 silly audit   exegesis: [ '4.3.0' ],
451 silly audit   'exegesis-express': [ '4.0.0' ],
451 silly audit   'exponential-backoff': [ '3.1.3' ],
451 silly audit   express: [ '4.22.1' ],
451 silly audit   extend: [ '3.0.2' ],
451 silly audit   'farmhash-modern': [ '1.1.0' ],
451 silly audit   'fast-content-type-parse': [ '1.1.0' ],
451 silly audit   'fast-decode-uri-component': [ '1.0.1' ],
451 silly audit   'fast-deep-equal': [ '3.1.3' ],
451 silly audit   'fast-fifo': [ '1.3.2' ],
451 silly audit   'fast-glob': [ '3.3.3' ],
451 silly audit   'fast-json-stringify': [ '5.16.1' ],
451 silly audit   'fast-jwt': [ '4.0.5' ],
451 silly audit   'fast-redact': [ '3.5.0' ],
451 silly audit   'fast-xml-builder': [ '1.0.0' ],
451 silly audit   'fast-xml-parser': [ '5.4.1' ],
451 silly audit   fastfall: [ '1.5.1' ],
451 silly audit   fastify: [ '4.29.1' ],
451 silly audit   pino: [ '9.14.0', '8.21.0' ],
451 silly audit   'process-warning': [ '5.0.0', '3.0.0' ],
451 silly audit   'pino-abstract-transport': [ '2.0.0', '1.2.0' ],
451 silly audit   'pino-std-serializers': [ '7.1.0', '6.2.2' ],
451 silly audit   'sonic-boom': [ '4.2.1', '3.8.1' ],
451 silly audit   'thread-stream': [ '3.1.0', '2.7.0' ],
451 silly audit   'fastify-plugin': [ '4.5.1' ],
451 silly audit   fastparallel: [ '2.4.1' ],
451 silly audit   fastq: [ '1.20.1' ],
451 silly audit   fastseries: [ '1.7.2' ],
451 silly audit   'faye-websocket': [ '0.11.4' ],
451 silly audit   fecha: [ '4.2.3' ],
451 silly audit   'fetch-blob': [ '3.2.0' ],
451 silly audit   figures: [ '3.2.0' ],
451 silly audit   filesize: [ '6.4.0' ],
451 silly audit   'fill-range': [ '7.1.1' ],
451 silly audit   'find-my-way': [ '8.2.2' ],
451 silly audit   firebase: [ '10.14.1', '12.10.0' ],
451 silly audit   '@firebase/auth': [ '1.7.9', '1.12.1' ],
451 silly audit   'firebase-admin': [ '12.7.0' ],
451 silly audit   '@types/node': [ '22.19.13', '20.19.35' ],
451 silly audit   'firebase-tools': [ '13.35.1' ],
451 silly audit   mime: [ '2.6.0', '3.0.0', '1.6.0' ],
451 silly audit   'fn.name': [ '1.1.0' ],
451 silly audit   'follow-redirects': [ '1.15.11' ],
451 silly audit   'foreground-child': [ '3.3.1' ],
451 silly audit   'form-data': [ '4.0.5', '2.5.5' ],
451 silly audit   'formdata-polyfill': [ '4.0.10' ],
451 silly audit   forwarded: [ '0.2.0' ],
451 silly audit   'fraction.js': [ '5.3.4' ],
451 silly audit   fresh: [ '0.5.2' ],
451 silly audit   'fs-extra': [ '10.1.0' ],
451 silly audit   'fs-minipass': [ '3.0.3', '2.1.0' ],
451 silly audit   'function-bind': [ '1.1.2' ],
451 silly audit   'functional-red-black-tree': [ '1.0.1' ],
451 silly audit   'functions-have-names': [ '1.2.3' ],
451 silly audit   fuzzy: [ '0.1.3' ],
451 silly audit   gaxios: [ '6.7.1', '7.1.4', '7.1.3' ],
451 silly audit   'gcp-metadata': [ '6.1.1', '8.1.2' ],
451 silly audit   genkit: [ '1.29.0' ],
451 silly audit   'geojson-equality': [ '0.1.6' ],
451 silly audit   'geojson-rbush': [ '3.2.0' ],
451 silly audit   'get-caller-file': [ '2.0.5' ],
451 silly audit   'get-intrinsic': [ '1.3.0' ],
451 silly audit   'get-nonce': [ '1.0.1' ],
451 silly audit   'get-port': [ '5.1.1' ],
451 silly audit   'get-proto': [ '1.0.1' ],
451 silly audit   'get-tsconfig': [ '4.13.6' ],
451 silly audit   'get-uri': [ '6.0.5' ],
451 silly audit   'glob-parent': [ '5.1.2', '6.0.2' ],
451 silly audit   'glob-slash': [ '1.0.0' ],
451 silly audit   'glob-slasher': [ '1.0.1' ],
451 silly audit   'global-dirs': [ '3.0.1' ],
451 silly audit   'google-auth-library': [ '9.15.1', '10.6.1' ],
451 silly audit   'google-gax': [ '4.6.1', '5.0.6' ],
451 silly audit   '@grpc/grpc-js': [ '1.14.3', '1.9.15' ],
451 silly audit   '@grpc/proto-loader': [ '0.8.0', '0.7.15' ],
451 silly audit   'google-logging-utils': [ '0.0.2', '1.1.3' ],
451 silly audit   googleapis: [ '137.1.0' ],
451 silly audit   'googleapis-common': [ '7.2.0', '8.0.1' ],
451 silly audit   'node-fetch': [ '3.3.2', '2.7.0' ],
451 silly audit   gopd: [ '1.2.0' ],
451 silly audit   'graceful-fs': [ '4.2.11', '4.2.10' ],
451 silly audit   gtoken: [ '7.1.0' ],
451 silly audit   handlebars: [ '4.7.8' ],
451 silly audit   'has-flag': [ '4.0.0' ],
451 silly audit   'has-property-descriptors': [ '1.0.2' ],
451 silly audit   'has-symbols': [ '1.1.0' ],
451 silly audit   'has-tostringtag': [ '1.0.2' ],
451 silly audit   'has-yarn': [ '2.1.0' ],
451 silly audit   hasown: [ '2.0.2' ],
451 silly audit   'heap-js': [ '2.7.1' ],
451 silly audit   helmet: [ '7.2.0' ],
451 silly audit   hexer: [ '1.5.0' ],
451 silly audit   'highlight.js': [ '10.7.3' ],
451 silly audit   'html-entities': [ '2.6.0' ],
451 silly audit   'http-cache-semantics': [ '4.2.0' ],
451 silly audit   'http-errors': [ '2.0.1' ],
451 silly audit   'http-parser-js': [ '0.5.10' ],
451 silly audit   'http-proxy-agent': [ '7.0.2', '5.0.0' ],
451 silly audit   'https-proxy-agent': [ '7.0.6', '5.0.1' ],
451 silly audit   'iconv-lite': [ '0.4.24', '0.7.2' ],
451 silly audit   idb: [ '7.1.1' ],
451 silly audit   ieee754: [ '1.2.1' ],
451 silly audit   'import-in-the-middle': [ '1.15.0' ],
451 silly audit   'import-lazy': [ '2.1.0' ],
451 silly audit   imurmurhash: [ '0.1.4' ],
451 silly audit   inherits: [ '2.0.4' ],
451 silly audit   inquirer: [ '8.2.7' ],
451 silly audit   'inquirer-autocomplete-prompt': [ '2.0.1' ],
451 silly audit   'install-artifact-from-github': [ '1.4.0' ],
451 silly audit   'ip-address': [ '10.1.0' ],
451 silly audit   'ip-regex': [ '4.3.0' ],
451 silly audit   'ipaddr.js': [ '1.9.1' ],
451 silly audit   'is-arguments': [ '1.2.0' ],
451 silly audit   'is-arrayish': [ '0.3.4' ],
451 silly audit   'is-binary-path': [ '2.1.0' ],
451 silly audit   'is-buffer': [ '1.1.6' ],
451 silly audit   'is-ci': [ '2.0.0' ],
451 silly audit   'is-core-module': [ '2.16.1' ],
451 silly audit   'is-date-object': [ '1.1.0' ],
451 silly audit   'is-extglob': [ '2.1.1' ],
451 silly audit   'is-fullwidth-code-point': [ '3.0.0' ],
451 silly audit   'is-glob': [ '4.0.3' ],
451 silly audit   'is-installed-globally': [ '0.4.0' ],
451 silly audit   'is-interactive': [ '1.0.0' ],
451 silly audit   'is-npm': [ '5.0.0' ],
451 silly audit   'is-number': [ '2.1.0', '7.0.0' ],
451 silly audit   'is-obj': [ '2.0.0' ],
451 silly audit   'is-path-inside': [ '3.0.3' ],
451 silly audit   'is-promise': [ '4.0.0' ],
451 silly audit   'is-regex': [ '1.2.1' ],
451 silly audit   'is-stream': [ '2.0.1' ],
451 silly audit   'is-stream-ended': [ '0.1.4' ],
451 silly audit   'is-typedarray': [ '1.0.0' ],
451 silly audit   'is-unicode-supported': [ '0.1.0' ],
451 silly audit   'is-url': [ '1.2.4' ],
451 silly audit   'is-wsl': [ '1.1.0' ],
451 silly audit   'is-yarn-global': [ '0.3.0' ],
451 silly audit   is2: [ '2.0.9' ],
451 silly audit   isarray: [ '1.0.0', '0.0.1' ],
451 silly audit   isexe: [ '2.0.0', '4.0.0' ],
451 silly audit   'isomorphic-fetch': [ '3.0.0' ],
451 silly audit   jackspeak: [ '3.4.3' ],
451 silly audit   'jaeger-client': [ '3.19.0' ],
451 silly audit   jiti: [ '1.21.7' ],
451 silly audit   jju: [ '1.4.0' ],
451 silly audit   'join-path': [ '1.1.1' ],
451 silly audit   jose: [ '4.15.9' ],
451 silly audit   'js-tokens': [ '4.0.0' ],
451 silly audit   'js-yaml': [ '3.14.2', '4.1.1' ],
451 silly audit   jsep: [ '1.4.0' ],
451 silly audit   'json-bigint': [ '1.0.0' ],
451 silly audit   'json-parse-helpfulerror': [ '1.0.3' ],
451 silly audit   'json-ptr': [ '3.1.1' ],
451 silly audit   'json-schema': [ '0.4.0' ],
451 silly audit   'json-schema-ref-resolver': [ '1.0.1' ],
451 silly audit   'json-schema-traverse': [ '1.0.0' ],
451 silly audit   json5: [ '2.2.3' ],
451 silly audit   jsonfile: [ '6.2.0' ],
451 silly audit   'jsonpath-plus': [ '10.4.0' ],
451 silly audit   jsonwebtoken: [ '9.0.3' ],
451 silly audit   jwa: [ '2.0.1' ],
451 silly audit   'jwks-rsa': [ '3.2.2' ],
451 silly audit   jws: [ '4.0.1' ],
451 silly audit   'kind-of': [ '3.2.2' ],
451 silly audit   kuler: [ '2.0.0' ],
451 silly audit   lazystream: [ '1.0.1' ],
451 silly audit   string_decoder: [ '1.1.1', '1.3.0', '0.10.31' ],
451 silly audit   leven: [ '3.1.0' ],
451 silly audit   libsodium: [ '0.7.16' ],
451 silly audit   'libsodium-wrappers': [ '0.7.16' ],
451 silly audit   'light-my-request': [ '5.14.0' ],
451 silly audit   lilconfig: [ '3.1.3' ],
451 silly audit   limiter: [ '1.1.5' ],
451 silly audit   'lines-and-columns': [ '1.2.4' ],
451 silly audit   lodash: [ '4.17.23' ],
451 silly audit   'lodash._objecttypes': [ '2.4.1' ],
451 silly audit   'lodash.camelcase': [ '4.3.0' ],
451 silly audit   'lodash.clonedeep': [ '4.5.0' ],
451 silly audit   'lodash.defaults': [ '4.2.0' ],
451 silly audit   'lodash.includes': [ '4.3.0' ],
451 silly audit   'lodash.isarguments': [ '3.1.0' ],
451 silly audit   'lodash.isboolean': [ '3.0.3' ],
451 silly audit   'lodash.isinteger': [ '4.0.4' ],
451 silly audit   'lodash.isnumber': [ '3.0.3' ],
451 silly audit   'lodash.isobject': [ '2.4.1' ],
451 silly audit   'lodash.isplainobject': [ '4.0.6' ],
451 silly audit   'lodash.isstring': [ '4.0.1' ],
451 silly audit   'lodash.mapvalues': [ '4.6.0' ],
451 silly audit   'lodash.merge': [ '4.6.2' ],
451 silly audit   'lodash.once': [ '4.1.1' ],
451 silly audit   'lodash.snakecase': [ '4.1.1' ],
451 silly audit   'log-symbols': [ '4.1.0' ],
451 silly audit   logform: [ '2.7.0' ],
451 silly audit   '@colors/colors': [ '1.6.0', '1.5.0' ],
451 silly audit   long: [ '5.3.2', '2.4.0' ],
451 silly audit   'loose-envify': [ '1.4.0' ],
451 silly audit   'lru-memoizer': [ '2.3.0' ],
451 silly audit   lsofi: [ '1.0.0' ],
451 silly audit   'lucide-react': [ '0.427.0' ],
451 silly audit   luxon: [ '3.7.2' ],
451 silly audit   'make-dir': [ '3.1.0' ],
451 silly audit   semver: [ '6.3.1', '7.7.4' ],
451 silly audit   'make-fetch-happen': [ '15.0.4' ],
451 silly audit   marked: [ '13.0.3' ],
451 silly audit   'marked-terminal': [ '7.3.0' ],
451 silly audit   'math-intrinsics': [ '1.1.0' ],
451 silly audit   'media-typer': [ '0.3.0' ],
451 silly audit   'merge-descriptors': [ '1.0.3' ],
451 silly audit   merge2: [ '1.4.1' ],
451 silly audit   methods: [ '1.1.2' ],
451 silly audit   micromatch: [ '4.0.8' ],
451 silly audit   'mime-db': [ '1.52.0' ],
451 silly audit   'mime-types': [ '2.1.35' ],
451 silly audit   'mimic-fn': [ '2.1.0' ],
451 silly audit   'minimalistic-assert': [ '1.0.1' ],
451 silly audit   minimist: [ '1.2.8' ],
451 silly audit   minipass: [ '7.1.3', '3.3.6', '5.0.0' ],
451 silly audit   'minipass-collect': [ '2.0.1' ],
451 silly audit   'minipass-fetch': [ '5.0.2' ],
451 silly audit   'minipass-flush': [ '1.0.5' ],
451 silly audit   'minipass-pipeline': [ '1.2.4' ],
451 silly audit   'minipass-sized': [ '2.0.0' ],
451 silly audit   minizlib: [ '3.1.0', '2.1.2' ],
451 silly audit   mkdirp: [ '1.0.4' ],
451 silly audit   mnemonist: [ '0.39.6' ],
451 silly audit   'module-details-from-path': [ '1.0.4' ],
451 silly audit   moo: [ '0.5.3' ],
451 silly audit   morgan: [ '1.10.1' ],
451 silly audit   msgpackr: [ '1.11.5' ],
451 silly audit   'msgpackr-extract': [ '3.0.3' ],
451 silly audit   'mute-stream': [ '0.0.8' ],
451 silly audit   mz: [ '2.7.0' ],
451 silly audit   nan: [ '2.25.0' ],
451 silly audit   nanoid: [ '3.3.11' ],
451 silly audit   nearley: [ '2.20.1' ],
451 silly audit   'neo-async': [ '2.6.2' ],
451 silly audit   netmask: [ '2.0.2' ],
451 silly audit   'node-abort-controller': [ '3.1.1' ],
451 silly audit   'node-addon-api': [ '8.6.0' ],
451 silly audit   'node-domexception': [ '1.0.0' ],
451 silly audit   'node-emoji': [ '2.2.0' ],
451 silly audit   'node-forge': [ '1.3.3' ],
451 silly audit   'node-gyp': [ '12.2.0' ],
451 silly audit   tar: [ '7.5.9', '6.2.1' ],
451 silly audit   which: [ '6.0.1', '2.0.2' ],
451 silly audit   yallist: [ '5.0.0', '4.0.0' ],
451 silly audit   'node-gyp-build': [ '4.8.4' ],
451 silly audit   'node-gyp-build-optional-packages': [ '5.2.2' ],
451 silly audit   'node-int64': [ '0.4.0' ],
451 silly audit   'node-releases': [ '2.0.27' ],
451 silly audit   nopt: [ '9.0.0' ],
451 silly audit   'normalize-path': [ '3.0.0' ],
451 silly audit   'object-assign': [ '4.1.1' ],
451 silly audit   'object-hash': [ '3.0.0' ],
451 silly audit   'object-inspect': [ '1.13.4' ],
451 silly audit   'object-is': [ '1.1.6' ],
451 silly audit   'object-keys': [ '1.1.1' ],
451 silly audit   obliterator: [ '2.0.5' ],
451 silly audit   'on-exit-leak-free': [ '2.1.2' ],
451 silly audit   'on-headers': [ '1.1.0' ],
451 silly audit   once: [ '1.4.0' ],
451 silly audit   'one-time': [ '1.0.0' ],
451 silly audit   onetime: [ '5.1.2' ],
451 silly audit   open: [ '6.4.0' ],
451 silly audit   'openapi3-ts': [ '3.2.0' ],
451 silly audit   opentracing: [ '0.14.7' ],
451 silly audit   ora: [ '5.4.1' ],
451 silly audit   'p-defer': [ '3.0.0' ],
451 silly audit   'p-limit': [ '3.1.0' ],
451 silly audit   'p-map': [ '7.0.4' ],
451 silly audit   'p-throttle': [ '7.0.0' ],
451 silly audit   'pac-proxy-agent': [ '7.2.0' ],
451 silly audit   'pac-resolver': [ '7.0.1' ],
451 silly audit   'package-json-from-dist': [ '1.0.1' ],
451 silly audit   parse5: [ '5.1.1', '6.0.1' ],
451 silly audit   'parse5-htmlparser2-tree-adapter': [ '6.0.1' ],
451 silly audit   parseurl: [ '1.3.3' ],
451 silly audit   'partial-json': [ '0.1.7' ],
451 silly audit   'path-key': [ '3.1.1' ],
451 silly audit   'path-parse': [ '1.0.7' ],
451 silly audit   'path-to-regexp': [ '0.1.12', '8.3.0', '1.9.0' ],
451 silly audit   pg: [ '8.19.0' ],
451 silly audit   'pg-cloudflare': [ '1.3.0' ],
451 silly audit   'pg-connection-string': [ '2.11.0' ],
451 silly audit   'pg-int8': [ '1.0.1' ],
451 silly audit   'pg-pool': [ '3.12.0' ],
451 silly audit   'pg-protocol': [ '1.12.0' ],
451 silly audit   'pg-types': [ '2.2.0' ],
451 silly audit   pgpass: [ '1.0.5' ],
451 silly audit   picocolors: [ '1.1.1' ],
451 silly audit   picomatch: [ '2.3.1', '4.0.3' ],
451 silly audit   pify: [ '2.3.0' ],
451 silly audit   pirates: [ '4.0.7' ],
451 silly audit   'point-in-polygon': [ '1.1.0' ],
451 silly audit   'polygon-clipping': [ '0.15.7' ],
451 silly audit   portfinder: [ '1.0.38' ],
451 silly audit   'postcss-import': [ '15.1.0' ],
451 silly audit   'postcss-js': [ '4.1.0' ],
451 silly audit   'postcss-load-config': [ '6.0.1' ],
451 silly audit   'postcss-nested': [ '6.2.0' ],
451 silly audit   'postcss-selector-parser': [ '6.1.2' ],
451 silly audit   'postcss-value-parser': [ '4.2.0' ],
451 silly audit   'postgres-array': [ '2.0.0' ],
451 silly audit   'postgres-bytea': [ '1.0.1' ],
451 silly audit   'postgres-date': [ '1.0.7' ],
451 silly audit   'postgres-interval': [ '1.2.0' ],
451 silly audit   'proc-log': [ '6.1.0' ],
451 silly audit   'process-nextick-args': [ '2.0.1' ],
451 silly audit   progress: [ '2.0.3' ],
451 silly audit   'promise-breaker': [ '6.0.0' ],
451 silly audit   'proto-list': [ '1.2.4' ],
451 silly audit   'proto3-json-serializer': [ '2.0.2', '3.0.4' ],
451 silly audit   protobufjs: [ '7.5.4' ],
451 silly audit   'proxy-addr': [ '2.0.7' ],
451 silly audit   'proxy-from-env': [ '1.1.0' ],
451 silly audit   pump: [ '3.0.4' ],
451 silly audit   pumpify: [ '2.0.1' ],
451 silly audit   pupa: [ '2.1.1' ],
451 silly audit   qs: [ '6.14.2' ],
451 silly audit   'queue-microtask': [ '1.2.3' ],
451 silly audit   'quick-format-unescaped': [ '4.0.4' ],
451 silly audit   'railroad-diagrams': [ '1.0.0' ],
451 silly audit   randexp: [ '0.4.6' ],
451 silly audit   ret: [ '0.1.15', '0.4.3' ],
451 silly audit   'range-parser': [ '1.2.1' ],
451 silly audit   'raw-body': [ '2.5.3' ],
451 silly audit   rc: [ '1.2.8' ],
451 silly audit   re2: [ '1.23.3' ],
451 silly audit   react: [ '18.3.1' ],
451 silly audit   'react-dom': [ '18.3.1' ],
451 silly audit   'react-hook-form': [ '7.71.2' ],
451 silly audit   'react-remove-scroll': [ '2.7.2' ],
451 silly audit   'react-remove-scroll-bar': [ '2.3.8' ],
451 silly audit   'react-style-singleton': [ '2.2.3' ],
451 silly audit   'read-cache': [ '1.0.0' ],
451 silly audit   'readdir-glob': [ '1.1.3' ],
451 silly audit   readdirp: [ '3.6.0' ],
451 silly audit   'real-require': [ '0.2.0' ],
451 silly audit   'redis-errors': [ '1.2.0' ],
451 silly audit   'redis-parser': [ '3.0.0' ],
451 silly audit   'regexp.prototype.flags': [ '1.5.4' ],
451 silly audit   'registry-auth-token': [ '5.1.1' ],
451 silly audit   'registry-url': [ '5.1.0' ],
451 silly audit   'require-directory': [ '2.1.1' ],
451 silly audit   'require-from-string': [ '2.0.2' ],
451 silly audit   'require-in-the-middle': [ '7.5.2' ],
451 silly audit   resolve: [ '1.22.11' ],
451 silly audit   'resolve-pkg-maps': [ '1.0.0' ],
451 silly audit   'restore-cursor': [ '3.1.0' ],
451 silly audit   'signal-exit': [ '3.0.7', '4.1.0' ],
451 silly audit   retry: [ '0.13.1' ],
451 silly audit   'retry-request': [ '7.0.2', '8.0.2' ],
451 silly audit   reusify: [ '1.1.0' ],
451 silly audit   rfdc: [ '1.4.1' ],
451 silly audit   rimraf: [ '5.0.10' ],
451 silly audit   'robust-predicates': [ '3.0.2' ],
451 silly audit   router: [ '2.2.0' ],
451 silly audit   'run-async': [ '2.4.1' ],
451 silly audit   'run-parallel': [ '1.2.0' ],
451 silly audit   rxjs: [ '7.8.2' ],
451 silly audit   'safe-regex2': [ '3.1.0' ],
451 silly audit   'safe-stable-stringify': [ '2.5.0' ],
451 silly audit   'safer-buffer': [ '2.1.2' ],
451 silly audit   scheduler: [ '0.23.2' ],
451 silly audit   'secure-json-parse': [ '2.7.0' ],
451 silly audit   'semver-diff': [ '3.1.1' ],
451 silly audit   send: [ '0.19.2' ],
451 silly audit   'serve-static': [ '1.16.3' ],
451 silly audit   'set-cookie-parser': [ '2.7.2' ],
451 silly audit   'set-function-length': [ '1.2.2' ],
451 silly audit   'set-function-name': [ '2.0.2' ],
451 silly audit   setprototypeof: [ '1.2.0' ],
451 silly audit   sharp: [ '0.33.5' ],
451 silly audit   'shebang-command': [ '2.0.0' ],
451 silly audit   'shebang-regex': [ '3.0.0' ],
451 silly audit   shimmer: [ '1.2.1' ],
451 silly audit   'side-channel': [ '1.1.0' ],
451 silly audit   'side-channel-list': [ '1.0.0' ],
451 silly audit   'side-channel-map': [ '1.0.1' ],
451 silly audit   'side-channel-weakmap': [ '1.0.2' ],
451 silly audit   'simple-swizzle': [ '0.2.4' ],
451 silly audit   'skin-tone': [ '2.0.0' ],
451 silly audit   skmeans: [ '0.9.7' ],
451 silly audit   'smart-buffer': [ '4.2.0' ],
451 silly audit   socks: [ '2.8.7' ],
451 silly audit   'socks-proxy-agent': [ '8.0.5' ],
451 silly audit   'sort-any': [ '4.0.7' ],
451 silly audit   'source-map': [ '0.6.1' ],
451 silly audit   'source-map-js': [ '1.2.1' ],
451 silly audit   splaytree: [ '3.2.3' ],
451 silly audit   split2: [ '4.2.0' ],
451 silly audit   'sprintf-js': [ '1.0.3' ],
451 silly audit   'sql-formatter': [ '15.7.2' ],
451 silly audit   ssri: [ '13.0.1' ],
451 silly audit   'stack-trace': [ '0.0.10' ],
451 silly audit   'standard-as-callback': [ '2.1.0' ],
451 silly audit   steed: [ '1.1.3' ],
451 silly audit   'stream-chain': [ '2.2.5' ],
451 silly audit   'stream-events': [ '1.0.5' ],
451 silly audit   'stream-json': [ '1.9.1' ],
451 silly audit   'stream-parser': [ '0.3.1' ],
451 silly audit   'stream-shift': [ '1.0.3' ],
451 silly audit   streamsearch: [ '1.1.0' ],
451 silly audit   streamx: [ '2.23.0' ],
451 silly audit   'string-template': [ '0.2.1' ],
451 silly audit   'string-width': [ '4.2.3', '5.1.2' ],
451 silly audit   'strip-ansi': [ '6.0.1', '7.2.0' ],
451 silly audit   'strip-json-comments': [ '2.0.1' ],
451 silly audit   strnum: [ '2.2.0' ],
451 silly audit   stubs: [ '3.0.0' ],
451 silly audit   'styled-jsx': [ '5.1.1' ],
451 silly audit   superstatic: [ '9.2.0' ],
451 silly audit   'supports-color': [ '7.2.0' ],
451 silly audit   'supports-hyperlinks': [ '3.2.0' ],
451 silly audit   'supports-preserve-symlinks-flag': [ '1.0.0' ],
451 silly audit   'tailwind-merge': [ '2.6.1' ],
451 silly audit   tailwindcss: [ '3.4.19' ],
451 silly audit   'tailwindcss-animate': [ '1.0.7' ],
451 silly audit   'tar-stream': [ '3.1.8' ],
451 silly audit   b4a: [ '1.8.0' ],
451 silly audit   'tcp-port-used': [ '1.0.2' ],
451 silly audit   'teeny-request': [ '9.0.0', '10.1.0' ],
451 silly audit   teex: [ '1.0.1' ],
451 silly audit   'text-decoder': [ '1.2.7' ],
451 silly audit   'text-hex': [ '1.0.0' ],
451 silly audit   thenify: [ '3.3.1' ],
451 silly audit   'thenify-all': [ '1.6.0' ],
451 silly audit   thriftrw: [ '3.11.4' ],
451 silly audit   through: [ '2.3.8' ],
451 silly audit   through2: [ '2.0.5' ],
451 silly audit   tinyglobby: [ '0.2.15' ],
451 silly audit   fdir: [ '6.5.0' ],
451 silly audit   tinyqueue: [ '3.0.0' ],
451 silly audit   tmp: [ '0.2.5' ],
451 silly audit   'to-regex-range': [ '5.0.1' ],
451 silly audit   'toad-cache': [ '3.7.0' ],
451 silly audit   toidentifier: [ '1.0.1' ],
451 silly audit   'topojson-client': [ '3.1.0' ],
451 silly audit   'topojson-server': [ '3.0.1' ],
451 silly audit   toxic: [ '1.0.1' ],
451 silly audit   tr46: [ '0.0.3' ],
451 silly audit   'triple-beam': [ '1.4.1' ],
451 silly audit   'ts-interface-checker': [ '0.1.13' ],
451 silly audit   tslib: [ '2.8.1' ],
451 silly audit   tsscmp: [ '1.0.6' ],
451 silly audit   tsx: [ '4.21.0' ],
451 silly audit   'turf-jsts': [ '1.2.3' ],
451 silly audit   'type-is': [ '1.6.18' ],
451 silly audit   'typedarray-to-buffer': [ '3.1.5' ],
451 silly audit   typescript: [ '5.9.3' ],
451 silly audit   'uglify-js': [ '3.19.3' ],
451 silly audit   undici: [ '6.19.7' ],
451 silly audit   'undici-types': [ '6.21.0' ],
451 silly audit   'unicode-emoji-modifier-base': [ '1.0.0' ],
451 silly audit   'unique-filename': [ '5.0.0' ],
451 silly audit   'unique-slug': [ '6.0.0' ],
451 silly audit   'unique-string': [ '2.0.0' ],
451 silly audit   'universal-analytics': [ '0.5.3' ],
451 silly audit   universalify: [ '2.0.1' ],
451 silly audit   unpipe: [ '1.0.0' ],
451 silly audit   'update-browserslist-db': [ '1.2.3' ],
451 silly audit   'update-notifier-cjs': [ '5.1.7' ],
451 silly audit   'uri-templates': [ '0.2.0' ],
451 silly audit   'url-join': [ '0.0.1' ],
451 silly audit   'url-template': [ '2.0.8' ],
451 silly audit   'use-callback-ref': [ '1.3.3' ],
451 silly audit   'use-sidecar': [ '1.1.3' ],
451 silly audit   'use-sync-external-store': [ '1.6.0' ],
451 silly audit   'util-deprecate': [ '1.0.2' ],
451 silly audit   'utils-merge': [ '1.0.1' ],
451 silly audit   'valid-url': [ '1.0.9' ],
451 silly audit   vary: [ '1.1.2' ],
451 silly audit   wav: [ '1.0.2' ],
451 silly audit   wcwidth: [ '1.0.1' ],
451 silly audit   'web-streams-polyfill': [ '3.3.3' ],
451 silly audit   'web-vitals': [ '4.2.4' ],
451 silly audit   'webidl-conversions': [ '3.0.1' ],
451 silly audit   'whatwg-fetch': [ '3.6.20' ],
451 silly audit   'websocket-driver': [ '0.7.4' ],
451 silly audit   'websocket-extensions': [ '0.1.4' ],
451 silly audit   'whatwg-url': [ '5.0.0' ],
451 silly audit   'widest-line': [ '3.1.0' ],
451 silly audit   winston: [ '3.19.0' ],
451 silly audit   'winston-transport': [ '4.9.0' ],
451 silly audit   wordwrap: [ '1.0.0' ],
451 silly audit   wrappy: [ '1.0.2' ],
451 silly audit   'write-file-atomic': [ '3.0.3' ],
451 silly audit   ws: [ '7.5.10' ],
451 silly audit   'xdg-basedir': [ '4.0.0' ],
451 silly audit   xorshift: [ '1.2.0' ],
451 silly audit   xtend: [ '4.0.2' ],
451 silly audit   y18n: [ '5.0.8' ],
451 silly audit   yaml: [ '2.8.2' ],
451 silly audit   'yocto-queue': [ '0.1.0' ],
451 silly audit   zod: [ '3.25.76' ],
451 silly audit   'zod-to-json-schema': [ '3.25.1' ],
451 silly audit   'zip-stream': [ '6.0.1' ],
451 silly audit   zustand: [ '4.5.7' ],
451 silly audit   sucrase: [ '3.35.1' ],
451 silly audit   'proxy-agent': [ '6.5.0' ],
451 silly audit   'fast-querystring': [ '1.1.2' ],
451 silly audit   '@alloc/quick-lru': [ '5.2.0' ],
451 silly audit   '@apidevtools/json-schema-ref-parser': [ '9.1.2' ],
451 silly audit   '@cfworker/json-schema': [ '4.1.1' ],
451 silly audit   '@dabh/diagnostics': [ '2.0.8' ],
451 silly audit   '@electric-sql/pglite': [ '0.2.17' ],
451 silly audit   '@emnapi/runtime': [ '1.8.1' ],
451 silly audit   '@esbuild/linux-x64': [ '0.27.3' ],
451 silly audit   '@fastify/ajv-compiler': [ '3.6.0' ],
451 silly audit   '@fastify/busboy': [ '3.2.0' ],
451 silly audit   '@fastify/cors': [ '9.0.1' ],
451 silly audit   '@fastify/error': [ '3.4.1' ],
451 silly audit   '@fastify/fast-json-stringify-compiler': [ '4.3.0' ],
451 silly audit   '@fastify/helmet': [ '11.1.1' ],
451 silly audit   '@fastify/jwt': [ '8.0.1' ],
451 silly audit   '@fastify/merge-json-schemas': [ '0.1.1' ],
451 silly audit   '@firebase/ai': [ '2.9.0' ],
451 silly audit   '@firebase/app-check-interop-types': [ '0.3.3', '0.3.2' ],
451 silly audit   '@firebase/component': [ '0.7.1', '0.6.9' ],
451 silly audit   '@firebase/logger': [ '0.5.0', '0.4.2' ],
451 silly audit   '@firebase/util': [ '1.14.0', '1.10.0' ],
451 silly audit   '@firebase/analytics': [ '0.10.8', '0.10.20' ],
451 silly audit   '@firebase/analytics-compat': [ '0.2.14', '0.2.26' ],
451 silly audit   '@firebase/analytics-types': [ '0.8.2', '0.8.3' ],
451 silly audit   '@firebase/app': [ '0.10.13', '0.14.9' ],
451 silly audit   '@firebase/app-check': [ '0.8.8', '0.11.1' ],
451 silly audit   '@firebase/app-check-compat': [ '0.3.15', '0.4.1' ],
451 silly audit   '@firebase/app-check-types': [ '0.5.2', '0.5.3' ],
451 silly audit   '@firebase/app-compat': [ '0.2.43', '0.5.9' ],
451 silly audit   '@firebase/app-types': [ '0.9.2', '0.9.3' ],
451 silly audit   '@firebase/auth-compat': [ '0.5.14', '0.6.3' ],
451 silly audit   '@firebase/auth-interop-types': [ '0.2.3', '0.2.4' ],
451 silly audit   '@firebase/auth-types': [ '0.12.2', '0.13.0' ],
451 silly audit   '@firebase/data-connect': [ '0.1.0', '0.4.0' ],
451 silly audit   '@firebase/database': [ '1.0.8', '1.1.1' ],
451 silly audit   '@firebase/database-compat': [ '1.0.8', '2.1.1' ],
451 silly audit   '@firebase/database-types': [ '1.0.5', '1.0.17' ],
451 silly audit   '@firebase/firestore': [ '4.7.3', '4.12.0' ],
451 silly audit   '@firebase/firestore-compat': [ '0.3.38', '0.4.6' ],
451 silly audit   '@firebase/firestore-types': [ '3.0.2', '3.0.3' ],
451 silly audit   '@firebase/functions': [ '0.11.8', '0.13.2' ],
451 silly audit   '@firebase/functions-compat': [ '0.3.14', '0.4.2' ],
451 silly audit   '@firebase/functions-types': [ '0.6.2', '0.6.3' ],
451 silly audit   '@firebase/installations': [ '0.6.9', '0.6.20' ],
451 silly audit   '@firebase/installations-compat': [ '0.2.9', '0.2.20' ],
451 silly audit   '@firebase/installations-types': [ '0.5.2', '0.5.3' ],
451 silly audit   '@firebase/messaging': [ '0.12.12', '0.12.24' ],
451 silly audit   '@firebase/messaging-compat': [ '0.2.12', '0.2.24' ],
451 silly audit   '@firebase/messaging-interop-types': [ '0.2.2', '0.2.3' ],
451 silly audit   '@firebase/performance': [ '0.6.9', '0.7.10' ],
451 silly audit   '@firebase/performance-compat': [ '0.2.9', '0.2.23' ],
451 silly audit   '@firebase/performance-types': [ '0.2.2', '0.2.3' ],
451 silly audit   '@firebase/remote-config': [ '0.4.9', '0.8.1' ],
451 silly audit   '@firebase/remote-config-compat': [ '0.2.9', '0.2.22' ],
451 silly audit   '@firebase/remote-config-types': [ '0.3.2', '0.5.0' ],
451 silly audit   '@firebase/storage': [ '0.13.2', '0.14.1' ],
451 silly audit   '@firebase/storage-compat': [ '0.3.12', '0.4.1' ],
451 silly audit   '@firebase/storage-types': [ '0.8.2', '0.8.3' ],
451 silly audit   '@firebase/vertexai-preview': [ '0.0.4' ],
451 silly audit   '@firebase/webchannel-wrapper': [ '1.0.1', '1.0.5' ],
451 silly audit   '@floating-ui/core': [ '1.7.4' ],
451 silly audit   '@floating-ui/dom': [ '1.7.5' ],
451 silly audit   '@floating-ui/react-dom': [ '2.1.7' ],
451 silly audit   '@floating-ui/utils': [ '0.2.10' ],
451 silly audit   '@gar/promise-retry': [ '1.0.2' ],
451 silly audit   '@genkit-ai/ai': [ '1.29.0' ],
451 silly audit   '@genkit-ai/core': [ '1.29.0' ],
451 silly audit   '@genkit-ai/firebase': [ '1.29.0' ],
451 silly audit   '@genkit-ai/google-cloud': [ '1.29.0' ],
451 silly audit   '@genkit-ai/google-genai': [ '1.29.0' ],
451 silly audit   '@google-cloud/cloud-sql-connector': [ '1.9.1' ],
451 silly audit   '@google-cloud/common': [ '5.0.2' ],
451 silly audit   '@google-cloud/firestore': [ '7.11.6' ],
451 silly audit   '@google-cloud/logging': [ '11.2.1' ],
451 silly audit   '@google-cloud/logging-winston': [ '6.0.1' ],
451 silly audit   '@google-cloud/modelarmor': [ '0.4.1' ],
451 silly audit   '@google-cloud/opentelemetry-cloud-monitoring-exporter': [ '0.19.0' ],
451 silly audit   '@google-cloud/opentelemetry-cloud-trace-exporter': [ '2.4.1' ],
451 silly audit   '@google-cloud/opentelemetry-resource-util': [ '2.4.0' ],
451 silly audit   '@google-cloud/paginator': [ '5.0.2' ],
451 silly audit   '@google-cloud/precise-date': [ '4.0.0' ],
451 silly audit   '@google-cloud/projectify': [ '4.0.0' ],
451 silly audit   '@google-cloud/promisify': [ '4.0.0' ],
451 silly audit   '@google-cloud/pubsub': [ '4.11.0' ],
451 silly audit   '@google-cloud/storage': [ '7.19.0' ],
451 silly audit   '@googleapis/sqladmin': [ '35.2.0' ],
451 silly audit   '@img/sharp-libvips-linux-x64': [ '1.0.4' ],
451 silly audit   '@img/sharp-libvips-linuxmusl-x64': [ '1.0.4' ],
451 silly audit   '@img/sharp-linux-x64': [ '0.33.5' ],
451 silly audit   '@img/sharp-linuxmusl-x64': [ '0.33.5' ],
451 silly audit   '@inquirer/external-editor': [ '1.0.3' ],
451 silly audit   '@isaacs/cliui': [ '8.0.2' ],
451 silly audit   '@isaacs/fs-minipass': [ '4.0.1' ],
451 silly audit   '@jridgewell/gen-mapping': [ '0.3.13' ],
451 silly audit   '@jridgewell/resolve-uri': [ '3.1.2' ],
451 silly audit   '@jridgewell/sourcemap-codec': [ '1.5.5' ],
451 silly audit   '@jridgewell/trace-mapping': [ '0.3.31' ],
451 silly audit   '@js-sdsl/ordered-map': [ '4.4.2' ],
451 silly audit   '@jsdevtools/ono': [ '7.1.3' ],
451 silly audit   '@jsep-plugin/assignment': [ '1.3.0' ],
451 silly audit   '@jsep-plugin/regex': [ '1.0.4' ],
451 silly audit   '@lukeed/ms': [ '2.0.2' ],
451 silly audit   '@msgpackr-extract/msgpackr-extract-linux-x64': [ '3.0.3' ],
451 silly audit   '@next/env': [ '14.2.35' ],
451 silly audit   '@nodelib/fs.scandir': [ '2.1.5' ],
451 silly audit   '@nodelib/fs.stat': [ '2.0.5' ],
451 silly audit   '@nodelib/fs.walk': [ '1.2.8' ],
451 silly audit   '@npmcli/agent': [ '4.0.0' ],
451 silly audit   '@npmcli/fs': [ '5.0.0' ],
451 silly audit   '@opentelemetry/api': [ '1.9.0' ],
451 silly audit   '@opentelemetry/api-logs': [ '0.52.1' ],
451 silly audit   '@opentelemetry/auto-instrumentations-node': [ '0.49.2' ],
451 silly audit   '@opentelemetry/context-async-hooks': [ '1.25.1' ],
451 silly audit   '@opentelemetry/core': [ '1.25.1', '1.30.1' ],
451 silly audit   '@opentelemetry/semantic-conventions': [ '1.25.1', '1.28.0', '1.30.0' ],
451 silly audit   '@opentelemetry/exporter-jaeger': [ '1.30.1' ],
451 silly audit   '@opentelemetry/resources': [ '1.30.1', '1.25.1' ],
451 silly audit   '@opentelemetry/sdk-trace-base': [ '1.30.1', '1.25.1' ],
451 silly audit   '@opentelemetry/exporter-trace-otlp-grpc': [ '0.52.1' ],
451 silly audit   '@opentelemetry/exporter-trace-otlp-http': [ '0.52.1' ],
451 silly audit   '@opentelemetry/exporter-trace-otlp-proto': [ '0.52.1' ],
451 silly audit   '@opentelemetry/exporter-zipkin': [ '1.25.1' ],
451 silly audit   '@opentelemetry/instrumentation': [ '0.52.1' ],
451 silly audit   '@opentelemetry/instrumentation-amqplib': [ '0.41.0' ],
451 silly audit   '@opentelemetry/instrumentation-aws-lambda': [ '0.43.0' ],
451 silly audit   '@opentelemetry/instrumentation-aws-sdk': [ '0.43.1' ],
451 silly audit   '@opentelemetry/instrumentation-bunyan': [ '0.40.0' ],
451 silly audit   '@opentelemetry/instrumentation-cassandra-driver': [ '0.40.0' ],
451 silly audit   '@opentelemetry/instrumentation-connect': [ '0.38.0' ],
451 silly audit   '@opentelemetry/instrumentation-cucumber': [ '0.8.0' ],
451 silly audit   '@opentelemetry/instrumentation-dataloader': [ '0.11.0' ],
451 silly audit   '@opentelemetry/instrumentation-dns': [ '0.38.0' ],
451 silly audit   '@opentelemetry/instrumentation-express': [ '0.41.1' ],
451 silly audit   '@opentelemetry/instrumentation-fastify': [ '0.38.0' ],
451 silly audit   '@opentelemetry/instrumentation-fs': [ '0.14.0' ],
451 silly audit   '@opentelemetry/instrumentation-generic-pool': [ '0.38.1' ],
451 silly audit   '@opentelemetry/instrumentation-graphql': [ '0.42.0' ],
451 silly audit   '@opentelemetry/instrumentation-grpc': [ '0.52.1' ],
451 silly audit   '@opentelemetry/instrumentation-hapi': [ '0.40.0' ],
451 silly audit   '@opentelemetry/instrumentation-http': [ '0.52.1' ],
451 silly audit   '@opentelemetry/instrumentation-ioredis': [ '0.42.0' ],
451 silly audit   '@opentelemetry/instrumentation-kafkajs': [ '0.2.0' ],
451 silly audit   '@opentelemetry/instrumentation-knex': [ '0.39.0' ],
451 silly audit   '@opentelemetry/instrumentation-koa': [ '0.42.0' ],
451 silly audit   '@opentelemetry/instrumentation-lru-memoizer': [ '0.39.0' ],
451 silly audit   '@opentelemetry/instrumentation-memcached': [ '0.38.0' ],
451 silly audit   '@opentelemetry/instrumentation-mongodb': [ '0.46.0' ],
451 silly audit   '@opentelemetry/instrumentation-mongoose': [ '0.41.0' ],
451 silly audit   '@opentelemetry/instrumentation-mysql': [ '0.40.0' ],
451 silly audit   '@opentelemetry/instrumentation-mysql2': [ '0.40.0' ],
451 silly audit   '@opentelemetry/instrumentation-nestjs-core': [ '0.39.0' ],
451 silly audit   '@opentelemetry/instrumentation-net': [ '0.38.0' ],
451 silly audit   '@opentelemetry/instrumentation-pg': [ '0.43.0' ],
451 silly audit   '@opentelemetry/instrumentation-pino': [ '0.41.0' ],
451 silly audit   '@opentelemetry/instrumentation-redis-4': [ '0.41.1' ],
451 silly audit   '@opentelemetry/instrumentation-restify': [ '0.40.0' ],
451 silly audit   '@opentelemetry/instrumentation-router': [ '0.39.0' ],
451 silly audit   '@opentelemetry/instrumentation-redis': [ '0.41.0' ],
451 silly audit   '@opentelemetry/instrumentation-socket.io': [ '0.41.0' ],
451 silly audit   '@opentelemetry/instrumentation-tedious': [ '0.13.0' ],
451 silly audit   '@opentelemetry/instrumentation-undici': [ '0.5.0' ],
451 silly audit   '@opentelemetry/instrumentation-winston': [ '0.39.0' ],
451 silly audit   '@opentelemetry/otlp-exporter-base': [ '0.52.1' ],
451 silly audit   '@opentelemetry/otlp-grpc-exporter-base': [ '0.52.1' ],
451 silly audit   '@opentelemetry/otlp-transformer': [ '0.52.1' ],
451 silly audit   '@opentelemetry/propagation-utils': [ '0.30.16' ],
451 silly audit   '@opentelemetry/propagator-aws-xray': [ '1.26.2' ],
451 silly audit   '@opentelemetry/propagator-b3': [ '1.25.1' ],
451 silly audit   '@opentelemetry/propagator-jaeger': [ '1.25.1' ],
451 silly audit   '@opentelemetry/redis-common': [ '0.36.2' ],
451 silly audit   '@opentelemetry/resource-detector-alibaba-cloud': [ '0.29.7' ],
451 silly audit   '@opentelemetry/resource-detector-aws': [ '1.12.0' ],
451 silly audit   '@opentelemetry/resource-detector-azure': [ '0.2.12' ],
451 silly audit   '@opentelemetry/resource-detector-container': [ '0.4.4' ],
451 silly audit   '@opentelemetry/resource-detector-gcp': [ '0.29.13' ],
451 silly audit   '@opentelemetry/sdk-logs': [ '0.52.1' ],
451 silly audit   '@opentelemetry/sdk-node': [ '0.52.1' ],
451 silly audit   '@opentelemetry/sdk-metrics': [ '1.25.1' ],
451 silly audit   '@opentelemetry/sdk-trace-node': [ '1.25.1' ],
451 silly audit   '@opentelemetry/sql-common': [ '0.40.1' ],
451 silly audit   '@phc/format': [ '1.0.0' ],
451 silly audit   '@pinojs/redact': [ '0.4.0' ],
451 silly audit   '@pkgjs/parseargs': [ '0.11.0' ],
451 silly audit   '@pnpm/config.env-replace': [ '1.1.0' ],
451 silly audit   '@pnpm/network.ca-file': [ '1.0.2' ],
451 silly audit   '@pnpm/npm-conf': [ '3.0.2' ],
451 silly audit   '@protobufjs/aspromise': [ '1.1.2' ],
451 silly audit   '@protobufjs/base64': [ '1.1.2' ],
451 silly audit   '@protobufjs/codegen': [ '2.0.4' ],
451 silly audit   '@protobufjs/eventemitter': [ '1.1.0' ],
451 silly audit   '@protobufjs/fetch': [ '1.1.0' ],
451 silly audit   '@protobufjs/float': [ '1.0.2' ],
451 silly audit   '@protobufjs/inquire': [ '1.1.0' ],
451 silly audit   '@protobufjs/path': [ '1.1.2' ],
451 silly audit   '@protobufjs/pool': [ '1.1.0' ],
451 silly audit   '@protobufjs/utf8': [ '1.1.0' ],
451 silly audit   '@radix-ui/number': [ '1.1.1' ],
451 silly audit   '@radix-ui/primitive': [ '1.1.3' ],
451 silly audit   '@radix-ui/react-accordion': [ '1.2.12' ],
451 silly audit   '@radix-ui/react-arrow': [ '1.1.7' ],
451 silly audit   '@radix-ui/react-avatar': [ '1.1.11' ],
451 silly audit   '@radix-ui/react-context': [ '1.1.3', '1.1.2' ],
451 silly audit   '@radix-ui/react-primitive': [ '2.1.4', '2.1.3' ],
451 silly audit   '@radix-ui/react-checkbox': [ '1.3.3' ],
451 silly audit   '@radix-ui/react-collapsible': [ '1.1.12' ],
451 silly audit   '@radix-ui/react-collection': [ '1.1.7' ],
451 silly audit   '@radix-ui/react-slot': [ '1.2.3', '1.2.4' ],
451 silly audit   '@radix-ui/react-compose-refs': [ '1.1.2' ],
451 silly audit   '@radix-ui/react-dialog': [ '1.1.15' ],
451 silly audit   '@radix-ui/react-direction': [ '1.1.1' ],
451 silly audit   '@radix-ui/react-dismissable-layer': [ '1.1.11' ],
451 silly audit   '@radix-ui/react-dropdown-menu': [ '2.1.16' ],
451 silly audit   '@radix-ui/react-focus-guards': [ '1.1.3' ],
451 silly audit   '@radix-ui/react-focus-scope': [ '1.1.7' ],
451 silly audit   '@radix-ui/react-id': [ '1.1.1' ],
451 silly audit   '@radix-ui/react-label': [ '2.1.8' ],
451 silly audit   '@radix-ui/react-menu': [ '2.1.16' ],
451 silly audit   '@radix-ui/react-popover': [ '1.1.15' ],
451 silly audit   '@radix-ui/react-popper': [ '1.2.8' ],
451 silly audit   '@radix-ui/react-portal': [ '1.1.9' ],
451 silly audit   '@radix-ui/react-presence': [ '1.1.5' ],
451 silly audit   '@radix-ui/react-radio-group': [ '1.3.8' ],
451 silly audit   '@radix-ui/react-roving-focus': [ '1.1.11' ],
451 silly audit   '@radix-ui/react-scroll-area': [ '1.2.10' ],
451 silly audit   '@radix-ui/react-select': [ '2.2.6' ],
451 silly audit   '@radix-ui/react-separator': [ '1.1.8' ],
451 silly audit   '@radix-ui/react-progress': [ '1.1.8' ],
451 silly audit   '@radix-ui/react-tabs': [ '1.1.13' ],
451 silly audit   '@radix-ui/react-toast': [ '1.2.15' ],
451 silly audit   '@radix-ui/react-use-callback-ref': [ '1.1.1' ],
451 silly audit   '@radix-ui/react-use-controllable-state': [ '1.2.2' ],
451 silly audit   '@radix-ui/react-use-effect-event': [ '0.0.2' ],
451 silly audit   '@radix-ui/react-use-escape-keydown': [ '1.1.1' ],
451 silly audit   '@radix-ui/react-use-is-hydrated': [ '0.1.0' ],
451 silly audit   '@radix-ui/react-use-layout-effect': [ '1.1.1' ],
451 silly audit   '@radix-ui/react-use-rect': [ '1.1.1' ],
451 silly audit   '@radix-ui/react-use-size': [ '1.1.1' ],
451 silly audit   '@radix-ui/react-visually-hidden': [ '1.2.3' ],
451 silly audit   '@radix-ui/rect': [ '1.1.1' ],
451 silly audit   '@sindresorhus/is': [ '4.6.0' ],
451 silly audit   '@so-ric/colorspace': [ '1.1.6' ],
451 silly audit   '@swc/counter': [ '0.1.3' ],
451 silly audit   '@swc/helpers': [ '0.5.5' ],
451 silly audit   '@tootallnate/once': [ '2.0.0' ],
451 silly audit   '@tootallnate/quickjs-emscripten': [ '0.23.0' ],
451 silly audit   '@turf/along': [ '6.5.0' ],
451 silly audit   '@turf/angle': [ '6.5.0' ],
451 silly audit   '@turf/area': [ '6.5.0' ],
451 silly audit   '@turf/bbox': [ '6.5.0' ],
451 silly audit   '@turf/bbox-clip': [ '6.5.0' ],
451 silly audit   '@turf/bbox-polygon': [ '6.5.0' ],
451 silly audit   '@turf/bearing': [ '6.5.0' ],
451 silly audit   '@turf/bezier-spline': [ '6.5.0' ],
451 silly audit   '@turf/boolean-clockwise': [ '6.5.0' ],
451 silly audit   '@turf/boolean-contains': [ '6.5.0' ],
451 silly audit   '@turf/boolean-crosses': [ '6.5.0' ],
451 silly audit   '@turf/boolean-disjoint': [ '6.5.0' ],
451 silly audit   '@turf/boolean-equal': [ '6.5.0' ],
451 silly audit   '@turf/boolean-intersects': [ '6.5.0' ],
451 silly audit   '@turf/boolean-overlap': [ '6.5.0' ],
451 silly audit   '@turf/boolean-parallel': [ '6.5.0' ],
451 silly audit   '@turf/boolean-point-in-polygon': [ '6.5.0' ],
451 silly audit   '@turf/boolean-point-on-line': [ '6.5.0' ],
451 silly audit   '@turf/boolean-within': [ '6.5.0' ],
451 silly audit   '@turf/buffer': [ '6.5.0' ],
451 silly audit   '@turf/center': [ '6.5.0' ],
451 silly audit   '@turf/center-mean': [ '6.5.0' ],
451 silly audit   '@turf/center-median': [ '6.5.0' ],
451 silly audit   '@turf/centroid': [ '6.5.0' ],
451 silly audit   '@turf/center-of-mass': [ '6.5.0' ],
451 silly audit   '@turf/circle': [ '6.5.0' ],
451 silly audit   '@turf/clean-coords': [ '6.5.0' ],
451 silly audit   '@turf/clone': [ '6.5.0' ],
451 silly audit   '@turf/clusters': [ '6.5.0' ],
451 silly audit   '@turf/clusters-dbscan': [ '6.5.0' ],
451 silly audit   '@turf/clusters-kmeans': [ '6.5.0' ],
451 silly audit   '@turf/collect': [ '6.5.0' ],
451 silly audit   '@turf/combine': [ '6.5.0' ],
451 silly audit   '@turf/concave': [ '6.5.0' ],
451 silly audit   '@turf/convex': [ '6.5.0' ],
451 silly audit   '@turf/destination': [ '6.5.0' ],
451 silly audit   '@turf/difference': [ '6.5.0' ],
451 silly audit   '@turf/dissolve': [ '6.5.0' ],
451 silly audit   '@turf/distance': [ '6.5.0' ],
451 silly audit   '@turf/distance-weight': [ '6.5.0' ],
451 silly audit   '@turf/ellipse': [ '6.5.0' ],
451 silly audit   '@turf/envelope': [ '6.5.0' ],
451 silly audit   '@turf/explode': [ '6.5.0' ],
451 silly audit   '@turf/flatten': [ '6.5.0' ],
451 silly audit   '@turf/flip': [ '6.5.0' ],
451 silly audit   '@turf/great-circle': [ '6.5.0' ],
451 silly audit   '@turf/helpers': [ '6.5.0' ],
451 silly audit   '@turf/hex-grid': [ '6.5.0' ],
451 silly audit   '@turf/interpolate': [ '6.5.0' ],
451 silly audit   '@turf/intersect': [ '6.5.0' ],
451 silly audit   '@turf/invariant': [ '6.5.0' ],
451 silly audit   '@turf/isobands': [ '6.5.0' ],
451 silly audit   '@turf/isolines': [ '6.5.0' ],
451 silly audit   '@turf/kinks': [ '6.5.0' ],
451 silly audit   '@turf/length': [ '6.5.0' ],
451 silly audit   '@turf/line-arc': [ '6.5.0' ],
451 silly audit   '@turf/line-chunk': [ '6.5.0' ],
451 silly audit   '@turf/line-intersect': [ '6.5.0' ],
451 silly audit   '@turf/line-offset': [ '6.5.0' ],
451 silly audit   '@turf/line-overlap': [ '6.5.0' ],
451 silly audit   '@turf/line-segment': [ '6.5.0' ],
451 silly audit   '@turf/line-slice': [ '6.5.0' ],
451 silly audit   '@turf/line-slice-along': [ '6.5.0' ],
451 silly audit   '@turf/line-split': [ '6.5.0' ],
451 silly audit   '@turf/line-to-polygon': [ '6.5.0' ],
451 silly audit   '@turf/mask': [ '6.5.0' ],
451 silly audit   '@turf/meta': [ '6.5.0' ],
451 silly audit   '@turf/moran-index': [ '6.5.0' ],
451 silly audit   '@turf/midpoint': [ '6.5.0' ],
451 silly audit   '@turf/nearest-point': [ '6.5.0' ],
451 silly audit   '@turf/nearest-point-on-line': [ '6.5.0' ],
451 silly audit   '@turf/nearest-point-to-line': [ '6.5.0' ],
451 silly audit   '@turf/planepoint': [ '6.5.0' ],
451 silly audit   '@turf/point-on-feature': [ '6.5.0' ],
451 silly audit   '@turf/point-to-line-distance': [ '6.5.0' ],
451 silly audit   '@turf/point-grid': [ '6.5.0' ],
451 silly audit   '@turf/polygon-smooth': [ '6.5.0' ],
451 silly audit   '@turf/polygon-tangents': [ '6.5.0' ],
451 silly audit   '@turf/polygon-to-line': [ '6.5.0' ],
451 silly audit   '@turf/points-within-polygon': [ '6.5.0' ],
451 silly audit   '@turf/polygonize': [ '6.5.0' ],
451 silly audit   '@turf/projection': [ '6.5.0' ],
451 silly audit   '@turf/random': [ '6.5.0' ],
451 silly audit   '@turf/rectangle-grid': [ '6.5.0' ],
451 silly audit   '@turf/rewind': [ '6.5.0' ],
451 silly audit   '@turf/rhumb-bearing': [ '6.5.0' ],
451 silly audit   '@turf/rhumb-distance': [ '6.5.0' ],
451 silly audit   '@turf/rhumb-destination': [ '6.5.0' ],
451 silly audit   '@turf/sample': [ '6.5.0' ],
451 silly audit   '@turf/sector': [ '6.5.0' ],
451 silly audit   '@turf/shortest-path': [ '6.5.0' ],
451 silly audit   '@turf/simplify': [ '6.5.0' ],
451 silly audit   '@turf/square': [ '6.5.0' ],
451 silly audit   '@turf/square-grid': [ '6.5.0' ],
451 silly audit   '@turf/standard-deviational-ellipse': [ '6.5.0' ],
451 silly audit   '@turf/tag': [ '6.5.0' ],
451 silly audit   '@turf/tesselate': [ '6.5.0' ],
451 silly audit   '@turf/tin': [ '6.5.0' ],
451 silly audit   '@turf/transform-rotate': [ '6.5.0' ],
451 silly audit   '@turf/transform-scale': [ '6.5.0' ],
451 silly audit   '@turf/transform-translate': [ '6.5.0' ],
451 silly audit   '@turf/triangle-grid': [ '6.5.0' ],
451 silly audit   '@turf/truncate': [ '6.5.0' ],
451 silly audit   '@turf/turf': [ '6.5.0' ],
451 silly audit   '@turf/union': [ '6.5.0' ],
451 silly audit   '@turf/unkink-polygon': [ '6.5.0' ],
451 silly audit   '@turf/voronoi': [ '6.5.0' ],
451 silly audit   '@types/aws-lambda': [ '8.10.122' ],
451 silly audit   '@types/bunyan': [ '1.8.9' ],
451 silly audit   '@types/caseless': [ '0.12.5' ],
451 silly audit   '@types/connect': [ '3.4.36' ],
451 silly audit   '@types/geojson': [ '7946.0.8' ],
451 silly audit   '@types/json-schema': [ '7.0.15' ],
451 silly audit   '@types/jsonwebtoken': [ '9.0.10' ],
451 silly audit   '@types/long': [ '4.0.2' ],
451 silly audit   '@types/memcached': [ '2.2.10' ],
451 silly audit   '@types/ms': [ '2.1.0' ],
451 silly audit   '@types/mysql': [ '2.15.22' ],
451 silly audit   '@types/pg': [ '8.6.1' ],
451 silly audit   '@types/pg-pool': [ '2.0.4' ],
451 silly audit   '@types/prop-types': [ '15.7.15' ],
451 silly audit   '@types/react': [ '18.3.28' ],
451 silly audit   '@types/react-dom': [ '18.3.7' ],
451 silly audit   '@types/request': [ '2.48.13' ],
451 silly audit   '@types/shimmer': [ '1.2.0' ],
451 silly audit   '@types/tedious': [ '4.0.14' ],
451 silly audit   '@types/tough-cookie': [ '4.0.5' ],
451 silly audit   '@types/triple-beam': [ '1.3.5' ],
451 silly audit   '@types/uuid': [ '10.0.0' ],
451 silly audit   '@radix-ui/react-use-previous': [ '1.1.1' ],
451 silly audit   '@next/swc-darwin-x64': [ '14.2.3', '14.2.33' ],
451 silly audit   '@next/swc-win32-x64-msvc': [ '14.2.3', '14.2.33' ],
451 silly audit   next: [ '14.2.35' ],
451 silly audit   fsevents: [ '2.3.3' ],
451 silly audit   '@esbuild/aix-ppc64': [ '0.27.3' ],
451 silly audit   '@esbuild/android-arm': [ '0.27.3' ],
451 silly audit   '@esbuild/android-arm64': [ '0.27.3' ],
451 silly audit   '@esbuild/android-x64': [ '0.27.3' ],
451 silly audit   '@esbuild/darwin-arm64': [ '0.27.3' ],
451 silly audit   '@esbuild/darwin-x64': [ '0.27.3' ],
451 silly audit   '@esbuild/freebsd-arm64': [ '0.27.3' ],
451 silly audit   '@esbuild/freebsd-x64': [ '0.27.3' ],
451 silly audit   '@esbuild/linux-arm': [ '0.27.3' ],
451 silly audit   '@esbuild/linux-arm64': [ '0.27.3' ],
451 silly audit   '@esbuild/linux-ia32': [ '0.27.3' ],
451 silly audit   '@esbuild/linux-loong64': [ '0.27.3' ],
451 silly audit   '@esbuild/linux-mips64el': [ '0.27.3' ],
451 silly audit   '@esbuild/linux-ppc64': [ '0.27.3' ],
451 silly audit   '@esbuild/linux-riscv64': [ '0.27.3' ],
451 silly audit   '@esbuild/linux-s390x': [ '0.27.3' ],
451 silly audit   '@esbuild/netbsd-arm64': [ '0.27.3' ],
451 silly audit   '@esbuild/netbsd-x64': [ '0.27.3' ],
451 silly audit   '@esbuild/openbsd-arm64': [ '0.27.3' ],
451 silly audit   '@esbuild/openbsd-x64': [ '0.27.3' ],
451 silly audit   '@esbuild/openharmony-arm64': [ '0.27.3' ],
451 silly audit   '@esbuild/sunos-x64': [ '0.27.3' ],
451 silly audit   '@esbuild/win32-arm64': [ '0.27.3' ],
451 silly audit   '@esbuild/win32-ia32': [ '0.27.3' ],
451 silly audit   '@esbuild/win32-x64': [ '0.27.3' ],
451 silly audit   '@msgpackr-extract/msgpackr-extract-darwin-arm64': [ '3.0.3' ],
451 silly audit   '@msgpackr-extract/msgpackr-extract-darwin-x64': [ '3.0.3' ],
451 silly audit   '@msgpackr-extract/msgpackr-extract-linux-arm': [ '3.0.3' ],
451 silly audit   '@msgpackr-extract/msgpackr-extract-linux-arm64': [ '3.0.3' ],
451 silly audit   '@msgpackr-extract/msgpackr-extract-win32-x64': [ '3.0.3' ],
451 silly audit   '@next/swc-darwin-arm64': [ '14.2.33' ],
451 silly audit   '@next/swc-linux-arm64-gnu': [ '14.2.33' ],
451 silly audit   '@next/swc-linux-arm64-musl': [ '14.2.33' ],
451 silly audit   '@next/swc-linux-x64-musl': [ '14.2.33' ],
451 silly audit   '@next/swc-win32-arm64-msvc': [ '14.2.33' ],
451 silly audit   '@next/swc-win32-ia32-msvc': [ '14.2.33' ],
451 silly audit   '@img/sharp-darwin-arm64': [ '0.33.5' ],
451 silly audit   '@img/sharp-darwin-x64': [ '0.33.5' ],
451 silly audit   '@img/sharp-libvips-darwin-arm64': [ '1.0.4' ],
451 silly audit   '@img/sharp-libvips-darwin-x64': [ '1.0.4' ],
451 silly audit   '@img/sharp-libvips-linux-arm': [ '1.0.5' ],
451 silly audit   '@img/sharp-libvips-linux-arm64': [ '1.0.4' ],
451 silly audit   '@img/sharp-libvips-linux-s390x': [ '1.0.4' ],
451 silly audit   '@img/sharp-libvips-linuxmusl-arm64': [ '1.0.4' ],
451 silly audit   '@img/sharp-linux-arm': [ '0.33.5' ],
451 silly audit   '@img/sharp-linux-arm64': [ '0.33.5' ],
451 silly audit   '@img/sharp-linux-s390x': [ '0.33.5' ],
451 silly audit   '@img/sharp-linuxmusl-arm64': [ '0.33.5' ],
451 silly audit   '@img/sharp-wasm32': [ '0.33.5' ],
451 silly audit   '@img/sharp-win32-ia32': [ '0.33.5' ],
451 silly audit   '@img/sharp-win32-x64': [ '0.33.5' ]
451 silly audit }
452 verbose reify failed optional dependency /home/user/studio/node_modules/tsx/node_modules/fsevents
453 silly reify mark deleted [ '/home/user/studio/node_modules/tsx/node_modules/fsevents' ]
454 verbose reify failed optional dependency /home/user/studio/node_modules/sharp/node_modules/@img/sharp-win32-x64
455 silly reify mark deleted [
455 silly reify   '/home/user/studio/node_modules/sharp/node_modules/@img/sharp-win32-x64'
455 silly reify ]
456 verbose reify failed optional dependency /home/user/studio/node_modules/sharp/node_modules/@img/sharp-win32-ia32
457 silly reify mark deleted [
457 silly reify   '/home/user/studio/node_modules/sharp/node_modules/@img/sharp-win32-ia32'
457 silly reify ]
458 verbose reify failed optional dependency /home/user/studio/node_modules/sharp/node_modules/@img/sharp-wasm32
459 silly reify mark deleted [
459 silly reify   '/home/user/studio/node_modules/sharp/node_modules/@img/sharp-wasm32'
459 silly reify ]
460 verbose reify failed optional dependency /home/user/studio/node_modules/@emnapi/runtime
461 silly reify mark deleted [ '/home/user/studio/node_modules/@emnapi/runtime' ]
462 verbose reify failed optional dependency /home/user/studio/node_modules/sharp/node_modules/@img/sharp-linuxmusl-arm64
463 silly reify mark deleted [
463 silly reify   '/home/user/studio/node_modules/sharp/node_modules/@img/sharp-linuxmusl-arm64'
463 silly reify ]
464 verbose reify failed optional dependency /home/user/studio/node_modules/sharp/node_modules/@img/sharp-linux-s390x
465 silly reify mark deleted [
465 silly reify   '/home/user/studio/node_modules/sharp/node_modules/@img/sharp-linux-s390x'
465 silly reify ]
466 verbose reify failed optional dependency /home/user/studio/node_modules/sharp/node_modules/@img/sharp-linux-arm64
467 silly reify mark deleted [
467 silly reify   '/home/user/studio/node_modules/sharp/node_modules/@img/sharp-linux-arm64'
467 silly reify ]
468 verbose reify failed optional dependency /home/user/studio/node_modules/sharp/node_modules/@img/sharp-linux-arm
469 silly reify mark deleted [
469 silly reify   '/home/user/studio/node_modules/sharp/node_modules/@img/sharp-linux-arm'
469 silly reify ]
470 verbose reify failed optional dependency /home/user/studio/node_modules/sharp/node_modules/@img/sharp-libvips-linuxmusl-arm64
471 silly reify mark deleted [
471 silly reify   '/home/user/studio/node_modules/sharp/node_modules/@img/sharp-libvips-linuxmusl-arm64'
471 silly reify ]
472 verbose reify failed optional dependency /home/user/studio/node_modules/sharp/node_modules/@img/sharp-libvips-linux-s390x
473 silly reify mark deleted [
473 silly reify   '/home/user/studio/node_modules/sharp/node_modules/@img/sharp-libvips-linux-s390x'
473 silly reify ]
474 verbose reify failed optional dependency /home/user/studio/node_modules/sharp/node_modules/@img/sharp-libvips-linux-arm64
475 silly reify mark deleted [
475 silly reify   '/home/user/studio/node_modules/sharp/node_modules/@img/sharp-libvips-linux-arm64'
475 silly reify ]
476 verbose reify failed optional dependency /home/user/studio/node_modules/sharp/node_modules/@img/sharp-libvips-linux-arm
477 silly reify mark deleted [
477 silly reify   '/home/user/studio/node_modules/sharp/node_modules/@img/sharp-libvips-linux-arm'
477 silly reify ]
478 verbose reify failed optional dependency /home/user/studio/node_modules/sharp/node_modules/@img/sharp-libvips-darwin-x64
479 silly reify mark deleted [
479 silly reify   '/home/user/studio/node_modules/sharp/node_modules/@img/sharp-libvips-darwin-x64'
479 silly reify ]
480 verbose reify failed optional dependency /home/user/studio/node_modules/sharp/node_modules/@img/sharp-libvips-darwin-arm64
481 silly reify mark deleted [
481 silly reify   '/home/user/studio/node_modules/sharp/node_modules/@img/sharp-libvips-darwin-arm64'
481 silly reify ]
482 verbose reify failed optional dependency /home/user/studio/node_modules/sharp/node_modules/@img/sharp-darwin-x64
483 silly reify mark deleted [
483 silly reify   '/home/user/studio/node_modules/sharp/node_modules/@img/sharp-darwin-x64'
483 silly reify ]
484 verbose reify failed optional dependency /home/user/studio/node_modules/sharp/node_modules/@img/sharp-darwin-arm64
485 silly reify mark deleted [
485 silly reify   '/home/user/studio/node_modules/sharp/node_modules/@img/sharp-darwin-arm64'
485 silly reify ]
486 verbose reify failed optional dependency /home/user/studio/node_modules/msgpackr-extract/node_modules/@msgpackr-extract/msgpackr-extract-win32-x64
487 silly reify mark deleted [
487 silly reify   '/home/user/studio/node_modules/msgpackr-extract/node_modules/@msgpackr-extract/msgpackr-extract-win32-x64'
487 silly reify ]
488 verbose reify failed optional dependency /home/user/studio/node_modules/msgpackr-extract/node_modules/@msgpackr-extract/msgpackr-extract-linux-arm64
489 silly reify mark deleted [
489 silly reify   '/home/user/studio/node_modules/msgpackr-extract/node_modules/@msgpackr-extract/msgpackr-extract-linux-arm64'
489 silly reify ]
490 verbose reify failed optional dependency /home/user/studio/node_modules/msgpackr-extract/node_modules/@msgpackr-extract/msgpackr-extract-linux-arm
491 silly reify mark deleted [
491 silly reify   '/home/user/studio/node_modules/msgpackr-extract/node_modules/@msgpackr-extract/msgpackr-extract-linux-arm'
491 silly reify ]
492 verbose reify failed optional dependency /home/user/studio/node_modules/msgpackr-extract/node_modules/@msgpackr-extract/msgpackr-extract-darwin-x64
493 silly reify mark deleted [
493 silly reify   '/home/user/studio/node_modules/msgpackr-extract/node_modules/@msgpackr-extract/msgpackr-extract-darwin-x64'
493 silly reify ]
494 verbose reify failed optional dependency /home/user/studio/node_modules/msgpackr-extract/node_modules/@msgpackr-extract/msgpackr-extract-darwin-arm64
495 silly reify mark deleted [
495 silly reify   '/home/user/studio/node_modules/msgpackr-extract/node_modules/@msgpackr-extract/msgpackr-extract-darwin-arm64'
495 silly reify ]
496 verbose reify failed optional dependency /home/user/studio/node_modules/esbuild/node_modules/@esbuild/win32-x64
497 silly reify mark deleted [
497 silly reify   '/home/user/studio/node_modules/esbuild/node_modules/@esbuild/win32-x64'
497 silly reify ]
498 verbose reify failed optional dependency /home/user/studio/node_modules/esbuild/node_modules/@esbuild/win32-ia32
499 silly reify mark deleted [
499 silly reify   '/home/user/studio/node_modules/esbuild/node_modules/@esbuild/win32-ia32'
499 silly reify ]
500 verbose reify failed optional dependency /home/user/studio/node_modules/esbuild/node_modules/@esbuild/win32-arm64
501 silly reify mark deleted [
501 silly reify   '/home/user/studio/node_modules/esbuild/node_modules/@esbuild/win32-arm64'
501 silly reify ]
502 verbose reify failed optional dependency /home/user/studio/node_modules/esbuild/node_modules/@esbuild/sunos-x64
503 silly reify mark deleted [
503 silly reify   '/home/user/studio/node_modules/esbuild/node_modules/@esbuild/sunos-x64'
503 silly reify ]
504 verbose reify failed optional dependency /home/user/studio/node_modules/esbuild/node_modules/@esbuild/openharmony-arm64
505 silly reify mark deleted [
505 silly reify   '/home/user/studio/node_modules/esbuild/node_modules/@esbuild/openharmony-arm64'
505 silly reify ]
506 verbose reify failed optional dependency /home/user/studio/node_modules/esbuild/node_modules/@esbuild/openbsd-x64
507 silly reify mark deleted [
507 silly reify   '/home/user/studio/node_modules/esbuild/node_modules/@esbuild/openbsd-x64'
507 silly reify ]
508 verbose reify failed optional dependency /home/user/studio/node_modules/esbuild/node_modules/@esbuild/openbsd-arm64
509 silly reify mark deleted [
509 silly reify   '/home/user/studio/node_modules/esbuild/node_modules/@esbuild/openbsd-arm64'
509 silly reify ]
510 verbose reify failed optional dependency /home/user/studio/node_modules/esbuild/node_modules/@esbuild/netbsd-x64
511 silly reify mark deleted [
511 silly reify   '/home/user/studio/node_modules/esbuild/node_modules/@esbuild/netbsd-x64'
511 silly reify ]
512 verbose reify failed optional dependency /home/user/studio/node_modules/esbuild/node_modules/@esbuild/netbsd-arm64
513 silly reify mark deleted [
513 silly reify   '/home/user/studio/node_modules/esbuild/node_modules/@esbuild/netbsd-arm64'
513 silly reify ]
514 verbose reify failed optional dependency /home/user/studio/node_modules/esbuild/node_modules/@esbuild/linux-s390x
515 silly reify mark deleted [
515 silly reify   '/home/user/studio/node_modules/esbuild/node_modules/@esbuild/linux-s390x'
515 silly reify ]
516 verbose reify failed optional dependency /home/user/studio/node_modules/esbuild/node_modules/@esbuild/linux-riscv64
517 silly reify mark deleted [
517 silly reify   '/home/user/studio/node_modules/esbuild/node_modules/@esbuild/linux-riscv64'
517 silly reify ]
518 verbose reify failed optional dependency /home/user/studio/node_modules/esbuild/node_modules/@esbuild/linux-ppc64
519 silly reify mark deleted [
519 silly reify   '/home/user/studio/node_modules/esbuild/node_modules/@esbuild/linux-ppc64'
519 silly reify ]
520 verbose reify failed optional dependency /home/user/studio/node_modules/esbuild/node_modules/@esbuild/linux-mips64el
521 silly reify mark deleted [
521 silly reify   '/home/user/studio/node_modules/esbuild/node_modules/@esbuild/linux-mips64el'
521 silly reify ]
522 verbose reify failed optional dependency /home/user/studio/node_modules/esbuild/node_modules/@esbuild/linux-loong64
523 silly reify mark deleted [
523 silly reify   '/home/user/studio/node_modules/esbuild/node_modules/@esbuild/linux-loong64'
523 silly reify ]
524 verbose reify failed optional dependency /home/user/studio/node_modules/esbuild/node_modules/@esbuild/linux-ia32
525 silly reify mark deleted [
525 silly reify   '/home/user/studio/node_modules/esbuild/node_modules/@esbuild/linux-ia32'
525 silly reify ]
526 verbose reify failed optional dependency /home/user/studio/node_modules/esbuild/node_modules/@esbuild/linux-arm64
527 silly reify mark deleted [
527 silly reify   '/home/user/studio/node_modules/esbuild/node_modules/@esbuild/linux-arm64'
527 silly reify ]
528 verbose reify failed optional dependency /home/user/studio/node_modules/esbuild/node_modules/@esbuild/linux-arm
529 silly reify mark deleted [
529 silly reify   '/home/user/studio/node_modules/esbuild/node_modules/@esbuild/linux-arm'
529 silly reify ]
530 verbose reify failed optional dependency /home/user/studio/node_modules/esbuild/node_modules/@esbuild/freebsd-x64
531 silly reify mark deleted [
531 silly reify   '/home/user/studio/node_modules/esbuild/node_modules/@esbuild/freebsd-x64'
531 silly reify ]
532 verbose reify failed optional dependency /home/user/studio/node_modules/esbuild/node_modules/@esbuild/freebsd-arm64
533 silly reify mark deleted [
533 silly reify   '/home/user/studio/node_modules/esbuild/node_modules/@esbuild/freebsd-arm64'
533 silly reify ]
534 verbose reify failed optional dependency /home/user/studio/node_modules/esbuild/node_modules/@esbuild/darwin-x64
535 silly reify mark deleted [
535 silly reify   '/home/user/studio/node_modules/esbuild/node_modules/@esbuild/darwin-x64'
535 silly reify ]
536 verbose reify failed optional dependency /home/user/studio/node_modules/esbuild/node_modules/@esbuild/darwin-arm64
537 silly reify mark deleted [
537 silly reify   '/home/user/studio/node_modules/esbuild/node_modules/@esbuild/darwin-arm64'
537 silly reify ]
538 verbose reify failed optional dependency /home/user/studio/node_modules/esbuild/node_modules/@esbuild/android-x64
539 silly reify mark deleted [
539 silly reify   '/home/user/studio/node_modules/esbuild/node_modules/@esbuild/android-x64'
539 silly reify ]
540 verbose reify failed optional dependency /home/user/studio/node_modules/esbuild/node_modules/@esbuild/android-arm64
541 silly reify mark deleted [
541 silly reify   '/home/user/studio/node_modules/esbuild/node_modules/@esbuild/android-arm64'
541 silly reify ]
542 verbose reify failed optional dependency /home/user/studio/node_modules/esbuild/node_modules/@esbuild/android-arm
543 silly reify mark deleted [
543 silly reify   '/home/user/studio/node_modules/esbuild/node_modules/@esbuild/android-arm'
543 silly reify ]
544 verbose reify failed optional dependency /home/user/studio/node_modules/esbuild/node_modules/@esbuild/aix-ppc64
545 silly reify mark deleted [
545 silly reify   '/home/user/studio/node_modules/esbuild/node_modules/@esbuild/aix-ppc64'
545 silly reify ]
546 verbose reify failed optional dependency /home/user/studio/node_modules/chokidar/node_modules/fsevents
547 silly reify mark deleted [ '/home/user/studio/node_modules/chokidar/node_modules/fsevents' ]
548 verbose reify failed optional dependency /home/user/studio/node_modules/@next/swc-win32-x64-msvc
549 silly reify mark deleted [ '/home/user/studio/node_modules/@next/swc-win32-x64-msvc' ]
550 verbose reify failed optional dependency /home/user/studio/node_modules/@next/swc-win32-ia32-msvc
551 silly reify mark deleted [ '/home/user/studio/node_modules/@next/swc-win32-ia32-msvc' ]
552 verbose reify failed optional dependency /home/user/studio/node_modules/@next/swc-win32-arm64-msvc
553 silly reify mark deleted [ '/home/user/studio/node_modules/@next/swc-win32-arm64-msvc' ]
554 verbose reify failed optional dependency /home/user/studio/node_modules/@next/swc-linux-x64-musl
555 silly reify mark deleted [ '/home/user/studio/node_modules/@next/swc-linux-x64-musl' ]
556 verbose reify failed optional dependency /home/user/studio/node_modules/@next/swc-linux-arm64-musl
557 silly reify mark deleted [ '/home/user/studio/node_modules/@next/swc-linux-arm64-musl' ]
558 verbose reify failed optional dependency /home/user/studio/node_modules/@next/swc-linux-arm64-gnu
559 silly reify mark deleted [ '/home/user/studio/node_modules/@next/swc-linux-arm64-gnu' ]
560 verbose reify failed optional dependency /home/user/studio/node_modules/@next/swc-darwin-x64
561 silly reify mark deleted [ '/home/user/studio/node_modules/@next/swc-darwin-x64' ]
562 verbose reify failed optional dependency /home/user/studio/node_modules/@next/swc-darwin-arm64
563 silly reify mark deleted [ '/home/user/studio/node_modules/@next/swc-darwin-arm64' ]
564 verbose reify failed optional dependency /home/user/studio/node_modules/next/node_modules/@next/swc-win32-x64-msvc
565 silly reify mark deleted [
565 silly reify   '/home/user/studio/node_modules/next/node_modules/@next/swc-win32-x64-msvc'
565 silly reify ]
566 verbose reify failed optional dependency /home/user/studio/node_modules/next/node_modules/@next/swc-darwin-x64
567 silly reify mark deleted [
567 silly reify   '/home/user/studio/node_modules/next/node_modules/@next/swc-darwin-x64'
567 silly reify ]
568 silly packumentCache corgi:https://registry.npmjs.org/@grpc%2fproto-loader cache-miss
569 silly packumentCache corgi:https://registry.npmjs.org/yaml cache-miss
570 silly packumentCache corgi:https://registry.npmjs.org/which cache-miss
571 silly packumentCache corgi:https://registry.npmjs.org/uuid cache-miss
572 silly packumentCache corgi:https://registry.npmjs.org/update-browserslist-db cache-miss
573 silly packumentCache corgi:https://registry.npmjs.org/thriftrw cache-miss
574 silly packumentCache corgi:https://registry.npmjs.org/typescript cache-miss
575 silly packumentCache corgi:https://registry.npmjs.org/uglify-js cache-miss
576 silly packumentCache corgi:https://registry.npmjs.org/tsx cache-miss
577 silly packumentCache corgi:https://registry.npmjs.org/topojson-client cache-miss
578 silly packumentCache corgi:https://registry.npmjs.org/tailwindcss cache-miss
579 silly packumentCache corgi:https://registry.npmjs.org/topojson-server cache-miss
580 silly packumentCache corgi:https://registry.npmjs.org/sucrase cache-miss
581 silly packumentCache corgi:https://registry.npmjs.org/superstatic cache-miss
582 silly packumentCache corgi:https://registry.npmjs.org/sql-formatter cache-miss
583 silly packumentCache corgi:https://registry.npmjs.org/rimraf cache-miss
584 silly packumentCache corgi:https://registry.npmjs.org/semver cache-miss
585 silly packumentCache corgi:https://registry.npmjs.org/resolve cache-miss
586 silly packumentCache corgi:https://registry.npmjs.org/rc cache-miss
587 silly packumentCache corgi:https://registry.npmjs.org/pino cache-miss
588 silly packumentCache corgi:https://registry.npmjs.org/nopt cache-miss
589 silly packumentCache corgi:https://registry.npmjs.org/node-gyp-build-optional-packages cache-miss
590 silly packumentCache corgi:https://registry.npmjs.org/node-gyp-build cache-miss
591 silly packumentCache corgi:https://registry.npmjs.org/node-gyp cache-miss
592 silly packumentCache corgi:https://registry.npmjs.org/nearley cache-miss
593 silly packumentCache corgi:https://registry.npmjs.org/nanoid cache-miss
594 silly packumentCache corgi:https://registry.npmjs.org/msgpackr-extract cache-miss
595 silly packumentCache corgi:https://registry.npmjs.org/mkdirp cache-miss
596 silly packumentCache corgi:https://registry.npmjs.org/mime cache-miss
597 silly packumentCache corgi:https://registry.npmjs.org/marked cache-miss
598 silly packumentCache corgi:https://registry.npmjs.org/loose-envify cache-miss
599 silly packumentCache corgi:https://registry.npmjs.org/jsonpath-plus cache-miss
600 silly packumentCache corgi:https://registry.npmjs.org/json5 cache-miss
601 silly packumentCache corgi:https://registry.npmjs.org/js-yaml cache-miss
602 silly packumentCache corgi:https://registry.npmjs.org/jiti cache-miss
603 silly packumentCache corgi:https://registry.npmjs.org/is-ci cache-miss
604 silly packumentCache corgi:https://registry.npmjs.org/install-artifact-from-github cache-miss
605 silly packumentCache corgi:https://registry.npmjs.org/hexer cache-miss
606 silly packumentCache corgi:https://registry.npmjs.org/firebase-tools cache-miss
607 silly packumentCache corgi:https://registry.npmjs.org/glob cache-miss
608 silly packumentCache corgi:https://registry.npmjs.org/handlebars cache-miss
609 silly packumentCache corgi:https://registry.npmjs.org/fast-xml-parser cache-miss
610 silly packumentCache corgi:https://registry.npmjs.org/esprima cache-miss
611 silly packumentCache corgi:https://registry.npmjs.org/escodegen cache-miss
612 silly packumentCache corgi:https://registry.npmjs.org/esbuild cache-miss
613 silly packumentCache corgi:https://registry.npmjs.org/cssesc cache-miss
614 silly packumentCache corgi:https://registry.npmjs.org/crc-32 cache-miss
615 silly packumentCache corgi:https://registry.npmjs.org/cross-env cache-miss
616 silly packumentCache corgi:https://registry.npmjs.org/cli-highlight cache-miss
617 silly packumentCache corgi:https://registry.npmjs.org/browserslist cache-miss
618 silly packumentCache corgi:https://registry.npmjs.org/baseline-browser-mapping cache-miss
619 silly packumentCache corgi:https://registry.npmjs.org/autoprefixer cache-miss
620 silly packumentCache corgi:https://registry.npmjs.org/acorn cache-miss
621 silly packumentCache corgi:https://registry.npmjs.org/uuid cache-miss
622 silly packumentCache corgi:https://registry.npmjs.org/@grpc%2fproto-loader cache-miss
623 silly packumentCache corgi:https://registry.npmjs.org/uuid cache-miss
624 silly packumentCache corgi:https://registry.npmjs.org/js-yaml cache-miss
625 silly packumentCache corgi:https://registry.npmjs.org/uuid cache-miss
626 silly packumentCache corgi:https://registry.npmjs.org/uuid cache-miss
627 silly packumentCache corgi:https://registry.npmjs.org/mime cache-miss
628 silly packumentCache corgi:https://registry.npmjs.org/semver cache-miss
629 silly packumentCache corgi:https://registry.npmjs.org/which cache-miss
630 silly packumentCache corgi:https://registry.npmjs.org/semver cache-miss
631 silly packumentCache corgi:https://registry.npmjs.org/uuid cache-miss
632 silly packumentCache corgi:https://registry.npmjs.org/@grpc%2fproto-loader cache-miss
633 silly packumentCache corgi:https://registry.npmjs.org/uuid cache-miss
634 silly packumentCache corgi:https://registry.npmjs.org/uuid cache-miss
635 silly packumentCache corgi:https://registry.npmjs.org/uuid cache-miss
636 silly packumentCache corgi:https://registry.npmjs.org/mime cache-miss
637 silly packumentCache corgi:https://registry.npmjs.org/uuid cache-miss
638 silly packumentCache corgi:https://registry.npmjs.org/pino cache-miss
639 silly packumentCache corgi:https://registry.npmjs.org/uuid cache-miss
640 silly packumentCache corgi:https://registry.npmjs.org/uuid cache-miss
641 silly tarball no local data for next@https://registry.npmjs.org/next/-/next-14.2.35.tgz. Extracting by manifest.
642 http fetch POST 200 https://registry.npmjs.org/-/npm/v1/security/advisories/bulk 516ms
643 silly audit report {
643 silly audit report   'fast-jwt': [
643 silly audit report     {
643 silly audit report       id: 1103362,
643 silly audit report       url: 'https://github.com/advisories/GHSA-gm45-q3v2-6cf8',
643 silly audit report       title: 'Fast-JWT Improperly Validates iss Claims',
643 silly audit report       severity: 'moderate',
643 silly audit report       vulnerable_versions: '<5.0.6',
643 silly audit report       cwe: [Array],
643 silly audit report       cvss: [Object]
643 silly audit report     }
643 silly audit report   ],
643 silly audit report   fastify: [
643 silly audit report     {
643 silly audit report       id: 1112876,
643 silly audit report       url: 'https://github.com/advisories/GHSA-mrq3-vjjr-p77c',
643 silly audit report       title: 'Fastify Vulnerable to DoS via Unbounded Memory Allocation in sendWebStream',
643 silly audit report       severity: 'low',
643 silly audit report       vulnerable_versions: '<=5.7.2',
643 silly audit report       cwe: [Array],
643 silly audit report       cvss: [Object]
643 silly audit report     },
643 silly audit report     {
643 silly audit report       id: 1112877,
643 silly audit report       url: 'https://github.com/advisories/GHSA-jx2c-rxcm-jvmq',
643 silly audit report       title: "Fastify's Content-Type header tab character allows body validation bypass",
643 silly audit report       severity: 'high',
643 silly audit report       vulnerable_versions: '<5.7.2',
643 silly audit report       cwe: [Array],
643 silly audit report       cvss: [Object]
643 silly audit report     }
643 silly audit report   ],
643 silly audit report   tar: [
643 silly audit report     {
643 silly audit report       id: 1112329,
643 silly audit report       url: 'https://github.com/advisories/GHSA-r6q2-hw4h-h46w',
643 silly audit report       title: 'Race Condition in node-tar Path Reservations via Unicode Ligature Collisions on macOS APFS',
643 silly audit report       severity: 'high',
643 silly audit report       vulnerable_versions: '<=7.5.3',
643 silly audit report       cwe: [Array],
643 silly audit report       cvss: [Object]
643 silly audit report     },
643 silly audit report     {
643 silly audit report       id: 1112659,
643 silly audit report       url: 'https://github.com/advisories/GHSA-34x7-hfp2-rc4v',
643 silly audit report       title: 'node-tar Vulnerable to Arbitrary File Creation/Overwrite via Hardlink Path Traversal',
643 silly audit report       severity: 'high',
643 silly audit report       vulnerable_versions: '<7.5.7',
643 silly audit report       cwe: [Array],
643 silly audit report       cvss: [Object]
643 silly audit report     },
643 silly audit report     {
643 silly audit report       id: 1113300,
643 silly audit report       url: 'https://github.com/advisories/GHSA-8qq5-rm4j-mr97',
643 silly audit report       title: 'node-tar is Vulnerable to Arbitrary File Overwrite and Symlink Poisoning via Insufficient Path Sanitization',
643 silly audit report       severity: 'high',
643 silly audit report       vulnerable_versions: '<=7.5.2',
643 silly audit report       cwe: [Array],
643 silly audit report       cvss: [Object]
643 silly audit report     },
643 silly audit report     {
643 silly audit report       id: 1113375,
643 silly audit report       url: 'https://github.com/advisories/GHSA-83g3-92jg-28cx',
643 silly audit report       title: 'Arbitrary File Read/Write via Hardlink Target Escape Through Symlink Chain in node-tar Extraction',
643 silly audit report       severity: 'high',
643 silly audit report       vulnerable_versions: '<7.5.8',
643 silly audit report       cwe: [Array],
643 silly audit report       cvss: [Object]
643 silly audit report     },
643 silly audit report     {
643 silly audit report       id: 1114071,
643 silly audit report       url: 'https://github.com/advisories/GHSA-qffp-2rhf-9h96',
643 silly audit report       title: 'tar has Hardlink Path Traversal via Drive-Relative Linkpath',
643 silly audit report       severity: 'high',
643 silly audit report       vulnerable_versions: '<=7.5.9',
643 silly audit report       cwe: [Array],
643 silly audit report       cvss: [Object]
643 silly audit report     }
643 silly audit report   ],
643 silly audit report   undici: [
643 silly audit report     {
643 silly audit report       id: 1101609,
643 silly audit report       url: 'https://github.com/advisories/GHSA-c76h-2ccp-4975',
643 silly audit report       title: 'Use of Insufficiently Random Values in undici',
643 silly audit report       severity: 'moderate',
643 silly audit report       vulnerable_versions: '>=6.0.0 <6.21.1',
643 silly audit report       cwe: [Array],
643 silly audit report       cvss: [Object]
643 silly audit report     },
643 silly audit report     {
643 silly audit report       id: 1112496,
643 silly audit report       url: 'https://github.com/advisories/GHSA-g9mf-h72j-4rw9',
643 silly audit report       title: 'Undici has an unbounded decompression chain in HTTP responses on Node.js Fetch API via Content-Encoding leads to resource exhaustion',
643 silly audit report       severity: 'moderate',
643 silly audit report       vulnerable_versions: '<6.23.0',
643 silly audit report       cwe: [Array],
643 silly audit report       cvss: [Object]
643 silly audit report     },
643 silly audit report     {
643 silly audit report       id: 1113068,
643 silly audit report       url: 'https://github.com/advisories/GHSA-cxrh-j4jr-qwg3',
643 silly audit report       title: 'undici Denial of Service attack via bad certificate data',
643 silly audit report       severity: 'low',
643 silly audit report       vulnerable_versions: '>=6.0.0 <6.21.2',
643 silly audit report       cwe: [Array],
643 silly audit report       cvss: [Object]
643 silly audit report     }
643 silly audit report   ],
643 silly audit report   '@tootallnate/once': [
643 silly audit report     {
643 silly audit report       id: 1113977,
643 silly audit report       url: 'https://github.com/advisories/GHSA-vpq2-c234-7xj6',
643 silly audit report       title: '@tootallnate/once vulnerable to Incorrect Control Flow Scoping',
643 silly audit report       severity: 'low',
643 silly audit report       vulnerable_versions: '<3.0.1',
643 silly audit report       cwe: [Array],
643 silly audit report       cvss: [Object]
643 silly audit report     }
643 silly audit report   ],
643 silly audit report   next: [
643 silly audit report     {
643 silly audit report       id: 1112593,
643 silly audit report       url: 'https://github.com/advisories/GHSA-9g9p-9gw9-jx7f',
643 silly audit report       title: 'Next.js self-hosted applications vulnerable to DoS via Image Optimizer remotePatterns configuration',
643 silly audit report       severity: 'moderate',
643 silly audit report       vulnerable_versions: '>=10.0.0 <15.5.10',
643 silly audit report       cwe: [Array],
643 silly audit report       cvss: [Object]
643 silly audit report     },
643 silly audit report     {
643 silly audit report       id: 1112653,
643 silly audit report       url: 'https://github.com/advisories/GHSA-h25m-26qc-wcjf',
643 silly audit report       title: 'Next.js HTTP request deserialization can lead to DoS when using insecure React Server Components',
643 silly audit report       severity: 'high',
643 silly audit report       vulnerable_versions: '>=13.0.0 <15.0.8',
643 silly audit report       cwe: [Array],
643 silly audit report       cvss: [Object]
643 silly audit report     }
643 silly audit report   ]
643 silly audit report }
644 silly packumentCache corgi:https://registry.npmjs.org/fast-jwt cache-miss
645 silly packumentCache corgi:https://registry.npmjs.org/fastify cache-miss
646 silly packumentCache corgi:https://registry.npmjs.org/tar cache-miss
647 silly packumentCache corgi:https://registry.npmjs.org/undici cache-miss
648 silly packumentCache corgi:https://registry.npmjs.org/@tootallnate%2fonce cache-miss
649 silly packumentCache corgi:https://registry.npmjs.org/next cache-miss
650 http fetch GET 200 https://registry.npmjs.org/topojson-server 1425ms (cache miss)
651 silly packumentCache corgi:https://registry.npmjs.org/topojson-server set size:undefined disposed:false
652 http fetch GET 200 https://registry.npmjs.org/json5 1451ms (cache miss)
653 silly packumentCache corgi:https://registry.npmjs.org/json5 set size:undefined disposed:false
654 http fetch GET 200 https://registry.npmjs.org/is-ci 1474ms (cache miss)
655 silly packumentCache corgi:https://registry.npmjs.org/is-ci set size:undefined disposed:false
656 http fetch GET 200 https://registry.npmjs.org/topojson-client 1518ms (cache miss)
657 silly packumentCache corgi:https://registry.npmjs.org/topojson-client set size:undefined disposed:false
658 http fetch GET 200 https://registry.npmjs.org/rimraf 1545ms (cache miss)
659 silly packumentCache corgi:https://registry.npmjs.org/rimraf set size:undefined disposed:false
660 http fetch GET 200 https://registry.npmjs.org/nopt 1548ms (cache miss)
661 silly packumentCache corgi:https://registry.npmjs.org/nopt set size:undefined disposed:false
662 http fetch GET 200 https://registry.npmjs.org/loose-envify 1544ms (cache miss)
663 silly packumentCache corgi:https://registry.npmjs.org/loose-envify set size:undefined disposed:false
664 http fetch GET 200 https://registry.npmjs.org/install-artifact-from-github 1543ms (cache miss)
665 silly packumentCache corgi:https://registry.npmjs.org/install-artifact-from-github set size:undefined disposed:false
666 http fetch GET 200 https://registry.npmjs.org/which 1597ms (cache miss)
667 silly packumentCache corgi:https://registry.npmjs.org/which set size:undefined disposed:false
668 http fetch GET 200 https://registry.npmjs.org/update-browserslist-db 1601ms (cache miss)
669 silly packumentCache corgi:https://registry.npmjs.org/update-browserslist-db set size:undefined disposed:false
670 http fetch GET 200 https://registry.npmjs.org/thriftrw 1605ms (cache miss)
671 silly packumentCache corgi:https://registry.npmjs.org/thriftrw set size:undefined disposed:false
672 http fetch GET 200 https://registry.npmjs.org/hexer 1576ms (cache miss)
673 silly packumentCache corgi:https://registry.npmjs.org/hexer set size:undefined disposed:false
674 http fetch GET 200 https://registry.npmjs.org/cssesc 1571ms (cache miss)
675 silly packumentCache corgi:https://registry.npmjs.org/cssesc set size:undefined disposed:false
676 http fetch GET 200 https://registry.npmjs.org/sql-formatter 1649ms (cache miss)
677 silly packumentCache corgi:https://registry.npmjs.org/sql-formatter set size:undefined disposed:false
678 http fetch GET 200 https://registry.npmjs.org/rc 1658ms (cache miss)
679 silly packumentCache corgi:https://registry.npmjs.org/rc set size:undefined disposed:false
680 http fetch GET 200 https://registry.npmjs.org/node-gyp-build 1660ms (cache miss)
681 silly packumentCache corgi:https://registry.npmjs.org/node-gyp-build set size:undefined disposed:false
682 http fetch GET 200 https://registry.npmjs.org/esprima 1635ms (cache miss)
683 silly packumentCache corgi:https://registry.npmjs.org/esprima set size:undefined disposed:false
684 http fetch GET 200 https://registry.npmjs.org/which 1675ms (cache miss)
685 silly packumentCache corgi:https://registry.npmjs.org/which set size:undefined disposed:false
686 http fetch GET 200 https://registry.npmjs.org/mkdirp 1751ms (cache miss)
687 silly packumentCache corgi:https://registry.npmjs.org/mkdirp set size:undefined disposed:false
688 http fetch GET 200 https://registry.npmjs.org/js-yaml 1747ms (cache miss)
689 silly packumentCache corgi:https://registry.npmjs.org/js-yaml set size:undefined disposed:false
690 http fetch GET 200 https://registry.npmjs.org/crc-32 1732ms (cache miss)
691 silly packumentCache corgi:https://registry.npmjs.org/crc-32 set size:undefined disposed:false
692 http fetch GET 200 https://registry.npmjs.org/cross-env 1733ms (cache miss)
693 silly packumentCache corgi:https://registry.npmjs.org/cross-env set size:undefined disposed:false
694 http fetch GET 200 https://registry.npmjs.org/escodegen 1795ms (cache miss)
695 silly packumentCache corgi:https://registry.npmjs.org/escodegen set size:undefined disposed:false
696 http fetch GET 200 https://registry.npmjs.org/@tootallnate%2fonce 1544ms (cache miss)
697 silly packumentCache corgi:https://registry.npmjs.org/@tootallnate%2fonce set size:undefined disposed:false
698 http fetch GET 200 https://registry.npmjs.org/node-gyp-build-optional-packages 1895ms (cache miss)
699 silly packumentCache corgi:https://registry.npmjs.org/node-gyp-build-optional-packages set size:undefined disposed:false
700 http fetch GET 200 https://registry.npmjs.org/js-yaml 1848ms (cache miss)
701 silly packumentCache corgi:https://registry.npmjs.org/js-yaml set size:undefined disposed:false
702 http fetch GET 200 https://registry.npmjs.org/mime 1847ms (cache miss)
703 silly packumentCache corgi:https://registry.npmjs.org/mime set size:undefined disposed:false
704 http fetch GET 200 https://registry.npmjs.org/jsonpath-plus 1949ms (cache miss)
705 silly packumentCache corgi:https://registry.npmjs.org/jsonpath-plus set size:undefined disposed:false
706 http fetch GET 200 https://registry.npmjs.org/cli-highlight 1929ms (cache miss)
707 silly packumentCache corgi:https://registry.npmjs.org/cli-highlight set size:undefined disposed:false
708 http fetch GET 200 https://registry.npmjs.org/msgpackr-extract 1995ms (cache miss)
709 silly packumentCache corgi:https://registry.npmjs.org/msgpackr-extract set size:undefined disposed:false
710 http fetch GET 200 https://registry.npmjs.org/uuid 1960ms (cache miss)
711 silly packumentCache corgi:https://registry.npmjs.org/uuid set size:undefined disposed:false
712 http fetch GET 200 https://registry.npmjs.org/semver 2005ms (cache miss)
713 silly packumentCache corgi:https://registry.npmjs.org/semver set size:undefined disposed:false
714 http fetch GET 200 https://registry.npmjs.org/mime 2006ms (cache miss)
715 silly packumentCache corgi:https://registry.npmjs.org/mime set size:undefined disposed:false
716 http fetch GET 200 https://registry.npmjs.org/mime 2085ms (cache miss)
717 silly packumentCache corgi:https://registry.npmjs.org/mime set size:undefined disposed:false
718 http fetch GET 200 https://registry.npmjs.org/uuid 2049ms (cache miss)
719 silly packumentCache corgi:https://registry.npmjs.org/uuid set size:undefined disposed:false
720 http fetch GET 200 https://registry.npmjs.org/uuid 2047ms (cache miss)
721 silly packumentCache corgi:https://registry.npmjs.org/uuid set size:undefined disposed:false
722 http fetch GET 200 https://registry.npmjs.org/uuid 2053ms (cache miss)
723 silly packumentCache corgi:https://registry.npmjs.org/uuid set size:undefined disposed:false
724 http fetch GET 200 https://registry.npmjs.org/uuid 2022ms (cache miss)
725 silly packumentCache corgi:https://registry.npmjs.org/uuid set size:undefined disposed:false
726 http fetch GET 200 https://registry.npmjs.org/uuid 2028ms (cache miss)
727 silly packumentCache corgi:https://registry.npmjs.org/uuid set size:undefined disposed:false
728 http fetch GET 200 https://registry.npmjs.org/uuid 2029ms (cache miss)
729 silly packumentCache corgi:https://registry.npmjs.org/uuid set size:undefined disposed:false
730 http fetch GET 200 https://registry.npmjs.org/uuid 2030ms (cache miss)
731 silly packumentCache corgi:https://registry.npmjs.org/uuid set size:undefined disposed:false
732 http fetch GET 200 https://registry.npmjs.org/uuid 2030ms (cache miss)
733 silly packumentCache corgi:https://registry.npmjs.org/uuid set size:undefined disposed:false
734 http fetch GET 200 https://registry.npmjs.org/uuid 2031ms (cache miss)
735 silly packumentCache corgi:https://registry.npmjs.org/uuid set size:undefined disposed:false
736 http fetch GET 200 https://registry.npmjs.org/uuid 2045ms (cache miss)
737 silly packumentCache corgi:https://registry.npmjs.org/uuid set size:undefined disposed:false
738 http fetch GET 200 https://registry.npmjs.org/uuid 2156ms (cache miss)
739 silly packumentCache corgi:https://registry.npmjs.org/uuid set size:undefined disposed:false
740 http fetch GET 200 https://registry.npmjs.org/baseline-browser-mapping 2101ms (cache miss)
741 silly packumentCache corgi:https://registry.npmjs.org/baseline-browser-mapping set size:undefined disposed:false
742 http fetch GET 200 https://registry.npmjs.org/@grpc%2fproto-loader 2103ms (cache miss)
743 silly packumentCache corgi:https://registry.npmjs.org/@grpc%2fproto-loader set size:undefined disposed:false
744 http fetch GET 200 https://registry.npmjs.org/handlebars 2158ms (cache miss)
745 silly packumentCache corgi:https://registry.npmjs.org/handlebars set size:undefined disposed:false
746 http fetch GET 200 https://registry.npmjs.org/semver 2153ms (cache miss)
747 silly packumentCache corgi:https://registry.npmjs.org/semver set size:undefined disposed:false
748 http fetch GET 200 https://registry.npmjs.org/nanoid 2512ms (cache miss)
749 silly packumentCache corgi:https://registry.npmjs.org/nanoid set size:undefined disposed:false
750 http fetch GET 200 https://registry.npmjs.org/fast-jwt 2227ms (cache miss)
751 silly packumentCache corgi:https://registry.npmjs.org/fast-jwt set size:undefined disposed:false
752 http fetch GET 200 https://registry.npmjs.org/acorn 2546ms (cache miss)
753 silly packumentCache corgi:https://registry.npmjs.org/acorn set size:undefined disposed:false
754 http fetch GET 200 https://registry.npmjs.org/nearley 2612ms (cache miss)
755 silly packumentCache corgi:https://registry.npmjs.org/nearley set size:undefined disposed:false
756 http fetch GET 200 https://registry.npmjs.org/glob 2637ms (cache miss)
757 silly packumentCache corgi:https://registry.npmjs.org/glob set size:undefined disposed:false
758 http fetch GET 200 https://registry.npmjs.org/tar 2371ms (cache miss)
759 silly packumentCache corgi:https://registry.npmjs.org/tar set size:undefined disposed:false
760 http fetch GET 200 https://registry.npmjs.org/@grpc%2fproto-loader 2679ms (cache miss)
761 silly packumentCache corgi:https://registry.npmjs.org/@grpc%2fproto-loader set size:undefined disposed:false
762 http fetch GET 200 https://registry.npmjs.org/@grpc%2fproto-loader 2786ms (cache miss)
763 silly packumentCache corgi:https://registry.npmjs.org/@grpc%2fproto-loader set size:undefined disposed:false
764 http fetch GET 200 https://registry.npmjs.org/topojson-client/-/topojson-client-3.1.0.tgz 1264ms (cache miss)
765 http fetch GET 200 https://registry.npmjs.org/rimraf/-/rimraf-5.0.10.tgz 1229ms (cache miss)
766 http fetch GET 200 https://registry.npmjs.org/json5/-/json5-2.2.3.tgz 1332ms (cache miss)
767 http fetch GET 200 https://registry.npmjs.org/is-ci/-/is-ci-2.0.0.tgz 1307ms (cache miss)
768 http fetch GET 200 https://registry.npmjs.org/loose-envify/-/loose-envify-1.4.0.tgz 1245ms (cache miss)
769 http fetch GET 200 https://registry.npmjs.org/node-gyp-build/-/node-gyp-build-4.8.4.tgz 1137ms (cache miss)
770 http fetch GET 200 https://registry.npmjs.org/cross-env/-/cross-env-7.0.3.tgz 1029ms (cache miss)
771 http fetch GET 200 https://registry.npmjs.org/semver 2831ms (cache miss)
772 silly packumentCache corgi:https://registry.npmjs.org/semver set size:undefined disposed:false
773 http fetch GET 200 https://registry.npmjs.org/install-artifact-from-github/-/install-artifact-from-github-1.4.0.tgz 1273ms (cache miss)
774 http fetch GET 200 https://registry.npmjs.org/topojson-server/-/topojson-server-3.0.1.tgz 1442ms (cache miss)
775 http fetch GET 200 https://registry.npmjs.org/nopt/-/nopt-9.0.0.tgz 1316ms (cache miss)
776 http fetch GET 200 https://registry.npmjs.org/which/-/which-2.0.2.tgz 1287ms (cache miss)
777 http fetch GET 200 https://registry.npmjs.org/update-browserslist-db/-/update-browserslist-db-1.2.3.tgz 1281ms (cache miss)
778 http fetch GET 200 https://registry.npmjs.org/hexer/-/hexer-1.5.0.tgz 1263ms (cache miss)
779 http fetch GET 200 https://registry.npmjs.org/which/-/which-6.0.1.tgz 1130ms (cache miss)
780 http fetch GET 200 https://registry.npmjs.org/fast-xml-parser 2860ms (cache miss)
781 silly packumentCache corgi:https://registry.npmjs.org/fast-xml-parser set size:undefined disposed:false
782 http fetch GET 200 https://registry.npmjs.org/cssesc/-/cssesc-3.0.0.tgz 1291ms (cache miss)
783 http fetch GET 200 https://registry.npmjs.org/rc/-/rc-1.2.8.tgz 1246ms (cache miss)
784 http fetch GET 200 https://registry.npmjs.org/resolve 2946ms (cache miss)
785 silly packumentCache corgi:https://registry.npmjs.org/resolve set size:undefined disposed:false
786 http fetch GET 200 https://registry.npmjs.org/autoprefixer 2907ms (cache miss)
787 silly packumentCache corgi:https://registry.npmjs.org/autoprefixer set size:undefined disposed:false
788 http fetch GET 200 https://registry.npmjs.org/mkdirp/-/mkdirp-1.0.4.tgz 1227ms (cache miss)
789 http fetch GET 200 https://registry.npmjs.org/crc-32/-/crc-32-1.2.2.tgz 1217ms (cache miss)
790 http fetch GET 200 https://registry.npmjs.org/tsx 3010ms (cache miss)
791 silly packumentCache corgi:https://registry.npmjs.org/tsx set size:undefined disposed:false
792 http fetch GET 200 https://registry.npmjs.org/node-gyp-build-optional-packages/-/node-gyp-build-optional-packages-5.2.2.tgz 1112ms (cache miss)
793 http fetch GET 200 https://registry.npmjs.org/mime/-/mime-1.6.0.tgz 1101ms (cache miss)
794 http fetch GET 200 https://registry.npmjs.org/cli-highlight/-/cli-highlight-2.1.11.tgz 1041ms (cache miss)
795 http fetch GET 200 https://registry.npmjs.org/browserslist 3021ms (cache miss)
796 silly packumentCache corgi:https://registry.npmjs.org/browserslist set size:undefined disposed:false
797 http fetch GET 200 https://registry.npmjs.org/escodegen/-/escodegen-2.1.0.tgz 1259ms (cache miss)
798 http fetch GET 200 https://registry.npmjs.org/jiti 3089ms (cache miss)
799 silly packumentCache corgi:https://registry.npmjs.org/jiti set size:undefined disposed:false
800 http fetch GET 200 https://registry.npmjs.org/msgpackr-extract/-/msgpackr-extract-3.0.3.tgz 1117ms (cache miss)
801 http fetch GET 200 https://registry.npmjs.org/uuid/-/uuid-8.3.2.tgz 1108ms (cache miss)
802 http fetch GET 200 https://registry.npmjs.org/semver/-/semver-6.3.1.tgz 1054ms (cache miss)
803 http fetch GET 200 https://registry.npmjs.org/mime/-/mime-3.0.0.tgz 1028ms (cache miss)
804 http fetch GET 200 https://registry.npmjs.org/uuid/-/uuid-9.0.1.tgz 1023ms (cache miss)
805 http fetch GET 200 https://registry.npmjs.org/uuid/-/uuid-11.1.0.tgz 990ms (cache miss)
806 http fetch GET 200 https://registry.npmjs.org/sucrase 3157ms (cache miss)
807 silly packumentCache corgi:https://registry.npmjs.org/sucrase set size:undefined disposed:false
808 http fetch GET 200 https://registry.npmjs.org/node-gyp 3163ms (cache miss)
809 silly packumentCache corgi:https://registry.npmjs.org/node-gyp set size:undefined disposed:false
810 http fetch GET 200 https://registry.npmjs.org/yaml 3235ms (cache miss)
811 silly packumentCache corgi:https://registry.npmjs.org/yaml set size:undefined disposed:false
812 http fetch GET 200 https://registry.npmjs.org/marked 3229ms (cache miss)
813 silly packumentCache corgi:https://registry.npmjs.org/marked set size:undefined disposed:false
814 http fetch GET 200 https://registry.npmjs.org/@grpc/proto-loader/-/proto-loader-0.8.0.tgz 1131ms (cache miss)
815 http fetch GET 200 https://registry.npmjs.org/uuid/-/uuid-10.0.0.tgz 1155ms (cache miss)
816 http fetch GET 200 https://registry.npmjs.org/mime/-/mime-2.6.0.tgz 1220ms (cache miss)
817 http fetch GET 200 https://registry.npmjs.org/uuid/-/uuid-8.3.2.tgz 1259ms (cache miss)
818 http fetch GET 200 https://registry.npmjs.org/uuid/-/uuid-8.3.2.tgz 1228ms (cache miss)
819 http fetch GET 200 https://registry.npmjs.org/uuid/-/uuid-8.3.2.tgz 1246ms (cache miss)
820 http fetch GET 200 https://registry.npmjs.org/uuid/-/uuid-8.3.2.tgz 1252ms (cache miss)
821 http fetch GET 200 https://registry.npmjs.org/semver/-/semver-6.3.1.tgz 1139ms (cache miss)
822 http fetch GET 200 https://registry.npmjs.org/uuid/-/uuid-9.0.1.tgz 1256ms (cache miss)
823 http fetch GET 200 https://registry.npmjs.org/uuid/-/uuid-9.0.1.tgz 1262ms (cache miss)
824 http fetch GET 200 https://registry.npmjs.org/uuid/-/uuid-9.0.1.tgz 1254ms (cache miss)
825 http fetch GET 200 https://registry.npmjs.org/uuid/-/uuid-9.0.1.tgz 1249ms (cache miss)
826 http fetch GET 200 https://registry.npmjs.org/nanoid/-/nanoid-3.3.11.tgz 899ms (cache miss)
827 http fetch GET 200 https://registry.npmjs.org/baseline-browser-mapping/-/baseline-browser-mapping-2.10.0.tgz 1291ms (cache miss)
828 http fetch GET 200 https://registry.npmjs.org/undici 3171ms (cache miss)
829 silly packumentCache corgi:https://registry.npmjs.org/undici set size:undefined disposed:false
830 http fetch GET 200 https://registry.npmjs.org/superstatic 3540ms (cache miss)
831 silly packumentCache corgi:https://registry.npmjs.org/superstatic set size:undefined disposed:false
832 http fetch GET 200 https://registry.npmjs.org/nearley/-/nearley-2.20.1.tgz 960ms (cache miss)
833 http fetch GET 200 https://registry.npmjs.org/@grpc/proto-loader/-/proto-loader-0.7.15.tgz 834ms (cache miss)
834 http fetch GET 200 https://registry.npmjs.org/pino 3630ms (cache miss)
835 silly packumentCache corgi:https://registry.npmjs.org/pino set size:undefined disposed:false
836 http fetch GET 200 https://registry.npmjs.org/@grpc/proto-loader/-/proto-loader-0.8.0.tgz 892ms (cache miss)
837 http fetch GET 200 https://registry.npmjs.org/resolve/-/resolve-1.22.11.tgz 756ms (cache miss)
838 http fetch GET 200 https://registry.npmjs.org/pino 3620ms (cache miss)
839 silly packumentCache corgi:https://registry.npmjs.org/pino set size:undefined disposed:false
840 http fetch GET 200 https://registry.npmjs.org/glob/-/glob-10.5.0.tgz 1054ms (cache miss)
841 http fetch GET 200 https://registry.npmjs.org/semver/-/semver-7.7.4.tgz 912ms (cache miss)
842 http fetch GET 200 https://registry.npmjs.org/uglify-js 3832ms (cache miss)
843 silly packumentCache corgi:https://registry.npmjs.org/uglify-js set size:undefined disposed:false
844 http fetch GET 200 https://registry.npmjs.org/browserslist/-/browserslist-4.28.1.tgz 769ms (cache miss)
845 http fetch GET 200 https://registry.npmjs.org/autoprefixer/-/autoprefixer-10.4.27.tgz 882ms (cache miss)
846 http fetch GET 200 https://registry.npmjs.org/esprima/-/esprima-4.0.1.tgz 2173ms (cache miss)
847 http fetch GET 200 https://registry.npmjs.org/fastify 3666ms (cache miss)
848 silly packumentCache corgi:https://registry.npmjs.org/fastify set size:undefined disposed:false
849 http fetch GET 200 https://registry.npmjs.org/superstatic/-/superstatic-9.2.0.tgz 513ms (cache miss)
850 http fetch GET 200 https://registry.npmjs.org/esbuild 4250ms (cache miss)
851 silly packumentCache corgi:https://registry.npmjs.org/esbuild set size:undefined disposed:false
852 http fetch GET 200 https://registry.npmjs.org/js-yaml/-/js-yaml-4.1.1.tgz 2412ms (cache miss)
853 http fetch GET 200 https://registry.npmjs.org/js-yaml/-/js-yaml-3.14.2.tgz 2634ms (cache miss)
854 http fetch GET 200 https://registry.npmjs.org/acorn/-/acorn-8.16.0.tgz 1810ms (cache miss)
855 http fetch GET 200 https://registry.npmjs.org/jsonpath-plus/-/jsonpath-plus-10.4.0.tgz 2457ms (cache miss)
856 http fetch GET 200 https://registry.npmjs.org/esbuild/-/esbuild-0.27.3.tgz 358ms (cache miss)
857 http fetch GET 200 https://registry.npmjs.org/firebase-tools 4633ms (cache miss)
858 silly packumentCache corgi:https://registry.npmjs.org/firebase-tools set size:undefined disposed:false
859 http fetch GET 200 https://registry.npmjs.org/tsx/-/tsx-4.21.0.tgz 1936ms (cache miss)
860 http fetch GET 200 https://registry.npmjs.org/marked/-/marked-13.0.3.tgz 1693ms (cache miss)
861 http fetch GET 200 https://registry.npmjs.org/fast-xml-parser/-/fast-xml-parser-5.4.1.tgz 2411ms (cache miss)
862 http fetch GET 200 https://registry.npmjs.org/uglify-js/-/uglify-js-3.19.3.tgz 1596ms (cache miss)
863 http fetch GET 200 https://registry.npmjs.org/jiti/-/jiti-1.21.7.tgz 2325ms (cache miss)
864 http fetch GET 200 https://registry.npmjs.org/thriftrw/-/thriftrw-3.11.4.tgz 4147ms (cache miss)
865 http fetch GET 200 https://registry.npmjs.org/node-gyp/-/node-gyp-12.2.0.tgz 2920ms (cache miss)
866 http fetch GET 200 https://registry.npmjs.org/pino/-/pino-8.21.0.tgz 2497ms (cache miss)
867 http fetch GET 200 https://registry.npmjs.org/pino/-/pino-9.14.0.tgz 2539ms (cache miss)
868 http fetch GET 200 https://registry.npmjs.org/tailwindcss 6323ms (cache miss)
869 silly packumentCache corgi:https://registry.npmjs.org/tailwindcss set size:undefined disposed:false
870 http fetch GET 200 https://registry.npmjs.org/yaml/-/yaml-2.8.2.tgz 3345ms (cache miss)
871 http fetch GET 200 https://registry.npmjs.org/sucrase/-/sucrase-3.35.1.tgz 3458ms (cache miss)
872 http fetch GET 200 https://registry.npmjs.org/handlebars/-/handlebars-4.7.8.tgz 4494ms (cache miss)
873 http fetch GET 200 https://registry.npmjs.org/typescript 7119ms (cache miss)
874 silly packumentCache corgi:https://registry.npmjs.org/typescript set size:undefined disposed:false
875 http fetch GET 200 https://registry.npmjs.org/sql-formatter/-/sql-formatter-15.7.2.tgz 6020ms (cache miss)
876 http fetch GET 200 https://registry.npmjs.org/tailwindcss/-/tailwindcss-3.4.19.tgz 1666ms (cache miss)
877 http fetch GET 200 https://registry.npmjs.org/firebase-tools/-/firebase-tools-13.35.1.tgz 3958ms (cache miss)
878 http fetch GET 200 https://registry.npmjs.org/next 8629ms (cache miss)
879 silly packumentCache corgi:https://registry.npmjs.org/next set size:undefined disposed:false
880 silly packumentCache corgi:https://registry.npmjs.org/@fastify%2fjwt cache-miss
881 http fetch GET 200 https://registry.npmjs.org/@fastify%2fjwt 77ms (cache miss)
882 silly packumentCache corgi:https://registry.npmjs.org/@fastify%2fjwt set size:undefined disposed:false
883 silly packumentCache corgi:https://registry.npmjs.org/firebase-tools cache-miss
884 http fetch GET 200 https://registry.npmjs.org/firebase-tools 43ms (cache hit)
885 silly packumentCache corgi:https://registry.npmjs.org/firebase-tools set size:1436097 disposed:false
886 silly packumentCache corgi:https://registry.npmjs.org/node-gyp cache-miss
887 http fetch GET 200 https://registry.npmjs.org/node-gyp 31ms (cache hit)
888 silly packumentCache corgi:https://registry.npmjs.org/node-gyp set size:157353 disposed:false
889 silly packumentCache corgi:https://registry.npmjs.org/@firebase%2fauth cache-miss
890 silly packumentCache corgi:https://registry.npmjs.org/@firebase%2fauth-compat cache-miss
891 silly packumentCache corgi:https://registry.npmjs.org/@firebase%2ffirestore cache-miss
892 silly packumentCache corgi:https://registry.npmjs.org/@firebase%2ffunctions cache-miss
893 silly packumentCache corgi:https://registry.npmjs.org/@firebase%2fstorage cache-miss
894 http fetch GET 200 https://registry.npmjs.org/@firebase%2fauth-compat 684ms (cache miss)
895 silly packumentCache corgi:https://registry.npmjs.org/@firebase%2fauth-compat set size:undefined disposed:false
896 http fetch GET 200 https://registry.npmjs.org/@firebase%2fstorage 1499ms (cache miss)
897 silly packumentCache corgi:https://registry.npmjs.org/@firebase%2fstorage set size:undefined disposed:false
898 http fetch GET 200 https://registry.npmjs.org/@firebase%2fauth 2039ms (cache miss)
899 silly packumentCache corgi:https://registry.npmjs.org/@firebase%2fauth set size:undefined disposed:false
900 http fetch GET 200 https://registry.npmjs.org/typescript/-/typescript-5.9.3.tgz 7529ms (cache miss)
901 http fetch GET 200 https://registry.npmjs.org/@firebase%2ffunctions 2651ms (cache miss)
902 silly packumentCache corgi:https://registry.npmjs.org/@firebase%2ffunctions set size:undefined disposed:false
903 http fetch GET 200 https://registry.npmjs.org/@firebase%2ffirestore 3287ms (cache miss)
904 silly packumentCache corgi:https://registry.npmjs.org/@firebase%2ffirestore set size:undefined disposed:false
905 silly packumentCache corgi:https://registry.npmjs.org/http-proxy-agent cache-miss
906 http fetch GET 200 https://registry.npmjs.org/http-proxy-agent 56ms (cache miss)
907 silly packumentCache corgi:https://registry.npmjs.org/http-proxy-agent set size:undefined disposed:false
908 silly packumentCache corgi:https://registry.npmjs.org/firebase cache-miss
909 http fetch GET 200 https://registry.npmjs.org/firebase 845ms (cache miss)
910 silly packumentCache corgi:https://registry.npmjs.org/firebase set size:undefined disposed:false
911 silly packumentCache corgi:https://registry.npmjs.org/@firebase%2fstorage-compat cache-miss
912 http fetch GET 200 https://registry.npmjs.org/@firebase%2fstorage-compat 22228ms (cache miss)
913 silly packumentCache corgi:https://registry.npmjs.org/@firebase%2fstorage-compat set size:undefined disposed:false
914 silly packumentCache corgi:https://registry.npmjs.org/@firebase%2ffunctions-compat cache-miss
915 http fetch GET 200 https://registry.npmjs.org/@firebase%2ffunctions-compat 23397ms (cache miss)
916 silly packumentCache corgi:https://registry.npmjs.org/@firebase%2ffunctions-compat set size:undefined disposed:false
917 silly packumentCache corgi:https://registry.npmjs.org/@firebase%2ffirestore-compat cache-miss
918 http fetch GET 200 https://registry.npmjs.org/@firebase%2ffirestore-compat 28179ms (cache miss)
919 silly packumentCache corgi:https://registry.npmjs.org/@firebase%2ffirestore-compat set size:undefined disposed:false
920 silly packumentCache corgi:https://registry.npmjs.org/teeny-request cache-miss
921 http fetch GET 200 https://registry.npmjs.org/teeny-request 78ms (cache miss)
922 silly packumentCache corgi:https://registry.npmjs.org/teeny-request set size:undefined disposed:false
923 silly packumentCache corgi:https://registry.npmjs.org/retry-request cache-miss
924 silly packumentCache corgi:https://registry.npmjs.org/@google-cloud%2fcommon cache-miss
925 silly packumentCache corgi:https://registry.npmjs.org/@google-cloud%2fstorage cache-miss
926 http fetch GET 200 https://registry.npmjs.org/retry-request 54ms (cache miss)
927 silly packumentCache corgi:https://registry.npmjs.org/retry-request set size:undefined disposed:false
928 http fetch GET 200 https://registry.npmjs.org/@google-cloud%2fcommon 101ms (cache miss)
929 silly packumentCache corgi:https://registry.npmjs.org/@google-cloud%2fcommon set size:undefined disposed:false
930 http fetch GET 200 https://registry.npmjs.org/@google-cloud%2fstorage 131ms (cache miss)
931 silly packumentCache corgi:https://registry.npmjs.org/@google-cloud%2fstorage set size:undefined disposed:false
932 silly packumentCache corgi:https://registry.npmjs.org/google-gax cache-miss
933 http fetch GET 200 https://registry.npmjs.org/google-gax 95ms (cache miss)
934 silly packumentCache corgi:https://registry.npmjs.org/google-gax set size:undefined disposed:false
935 silly packumentCache corgi:https://registry.npmjs.org/@google-cloud%2flogging cache-miss
936 http fetch GET 200 https://registry.npmjs.org/@google-cloud%2flogging 72ms (cache miss)
937 silly packumentCache corgi:https://registry.npmjs.org/@google-cloud%2flogging set size:undefined disposed:false
938 silly packumentCache corgi:https://registry.npmjs.org/firebase-admin cache-miss
939 http fetch GET 200 https://registry.npmjs.org/firebase-admin 58ms (cache miss)
940 silly packumentCache corgi:https://registry.npmjs.org/firebase-admin set size:undefined disposed:false
941 silly packumentCache corgi:https://registry.npmjs.org/@google-cloud%2ffirestore cache-miss
942 silly packumentCache corgi:https://registry.npmjs.org/@google-cloud%2fpubsub cache-miss
943 silly packumentCache corgi:https://registry.npmjs.org/@google-cloud%2fmodelarmor cache-miss
944 http fetch GET 200 https://registry.npmjs.org/@google-cloud%2fmodelarmor 84ms (cache miss)
945 silly packumentCache corgi:https://registry.npmjs.org/@google-cloud%2fmodelarmor set size:undefined disposed:false
946 http fetch GET 200 https://registry.npmjs.org/@google-cloud%2ffirestore 94ms (cache miss)
947 silly packumentCache corgi:https://registry.npmjs.org/@google-cloud%2ffirestore set size:undefined disposed:false
948 http fetch GET 200 https://registry.npmjs.org/@google-cloud%2fpubsub 142ms (cache miss)
949 silly packumentCache corgi:https://registry.npmjs.org/@google-cloud%2fpubsub set size:undefined disposed:false
950 silly packumentCache corgi:https://registry.npmjs.org/@google-cloud%2flogging-winston cache-miss
951 http fetch GET 200 https://registry.npmjs.org/@google-cloud%2flogging-winston 98ms (cache miss)
952 silly packumentCache corgi:https://registry.npmjs.org/@google-cloud%2flogging-winston set size:undefined disposed:false
953 silly packumentCache corgi:https://registry.npmjs.org/@genkit-ai%2ffirebase cache-miss
954 http fetch GET 200 https://registry.npmjs.org/@genkit-ai%2ffirebase 83ms (cache miss)
955 silly packumentCache corgi:https://registry.npmjs.org/@genkit-ai%2ffirebase set size:undefined disposed:false
956 silly packumentCache corgi:https://registry.npmjs.org/@genkit-ai%2fgoogle-cloud cache-miss
957 http fetch GET 200 https://registry.npmjs.org/@genkit-ai%2fgoogle-cloud 77ms (cache miss)
958 silly packumentCache corgi:https://registry.npmjs.org/@genkit-ai%2fgoogle-cloud set size:undefined disposed:false
959 silly packumentCache corgi:https://registry.npmjs.org/@genkit-ai%2fcore cache-miss
960 http fetch GET 200 https://registry.npmjs.org/@genkit-ai%2fcore 73ms (cache miss)
961 silly packumentCache corgi:https://registry.npmjs.org/@genkit-ai%2fcore set size:undefined disposed:false
962 silly packumentCache corgi:https://registry.npmjs.org/genkit cache-miss
963 silly packumentCache corgi:https://registry.npmjs.org/@genkit-ai%2fai cache-miss
964 http fetch GET 200 https://registry.npmjs.org/@genkit-ai%2fai 67ms (cache miss)
965 silly packumentCache corgi:https://registry.npmjs.org/@genkit-ai%2fai set size:undefined disposed:false
966 http fetch GET 200 https://registry.npmjs.org/genkit 131ms (cache miss)
967 silly packumentCache corgi:https://registry.npmjs.org/genkit set size:undefined disposed:false
968 silly packumentCache corgi:https://registry.npmjs.org/@genkit-ai%2fgoogle-genai cache-miss
969 http fetch GET 200 https://registry.npmjs.org/@genkit-ai%2fgoogle-genai 113ms (cache miss)
970 silly packumentCache corgi:https://registry.npmjs.org/@genkit-ai%2fgoogle-genai set size:undefined disposed:false
971 http fetch GET 200 https://registry.npmjs.org/next/-/next-14.2.35.tgz 168799ms (cache miss)
972 info run msgpackr-extract@3.0.3 install node_modules/msgpackr-extract node-gyp-build-optional-packages
973 info run msgpackr-extract@3.0.3 install { code: 0, signal: null }
974 info run esbuild@0.27.3 postinstall node_modules/esbuild node install.js
975 info run esbuild@0.27.3 postinstall { code: 0, signal: null }
976 silly CHANGE node_modules/@grpc/proto-loader
977 silly CHANGE node_modules/@google-cloud/storage/node_modules/uuid
978 silly CHANGE node_modules/@google-cloud/modelarmor/node_modules/@grpc/proto-loader
979 silly CHANGE node_modules/@google-cloud/logging/node_modules/uuid
980 silly CHANGE node_modules/@apidevtools/json-schema-ref-parser/node_modules/js-yaml
981 silly CHANGE node_modules/yaml
982 silly CHANGE node_modules/which
983 silly CHANGE node_modules/uuid
984 silly CHANGE node_modules/update-browserslist-db
985 silly CHANGE node_modules/universal-analytics/node_modules/uuid
986 silly CHANGE node_modules/thriftrw
987 silly CHANGE node_modules/typescript
988 silly CHANGE node_modules/uglify-js
989 silly CHANGE node_modules/tsx
990 silly ADD
991 silly CHANGE node_modules/topojson-client
992 silly CHANGE node_modules/topojson-server
993 silly CHANGE node_modules/teeny-request/node_modules/uuid
994 silly CHANGE node_modules/sucrase
995 silly CHANGE node_modules/tailwindcss
996 silly CHANGE node_modules/superstatic
997 silly CHANGE node_modules/sql-formatter
998 silly ADD
999 silly ADD
1000 silly ADD
1001 silly ADD
1002 silly ADD
1003 silly ADD
1004 silly ADD
1005 silly ADD
1006 silly ADD
1007 silly ADD
1008 silly ADD
1009 silly ADD
1010 silly ADD
1011 silly ADD
1012 silly ADD
1013 silly CHANGE node_modules/rimraf
1014 silly CHANGE node_modules/semver
1015 silly CHANGE node_modules/send/node_modules/mime
1016 silly CHANGE node_modules/semver-diff/node_modules/semver
1017 silly CHANGE node_modules/resolve
1018 silly CHANGE node_modules/rc
1019 silly CHANGE node_modules/pino
1020 silly CHANGE node_modules/nopt
1021 silly CHANGE node_modules/node-gyp-build-optional-packages
1022 silly CHANGE node_modules/node-gyp-build
1023 silly CHANGE node_modules/node-gyp
1024 silly CHANGE node_modules/node-gyp/node_modules/which
1025 silly CHANGE node_modules/nearley
1026 silly CHANGE node_modules/nanoid
1027 silly CHANGE node_modules/msgpackr-extract
1028 silly ADD
1029 silly ADD
1030 silly ADD
1031 silly ADD
1032 silly ADD
1033 silly CHANGE node_modules/mkdirp
1034 silly CHANGE node_modules/make-dir/node_modules/semver
1035 silly CHANGE node_modules/mime
1036 silly CHANGE node_modules/marked
1037 silly CHANGE node_modules/loose-envify
1038 silly CHANGE node_modules/jsonpath-plus
1039 silly CHANGE node_modules/json5
1040 silly CHANGE node_modules/js-yaml
1041 silly CHANGE node_modules/jaeger-client/node_modules/uuid
1042 silly CHANGE node_modules/jiti
1043 silly CHANGE node_modules/is-ci
1044 silly CHANGE node_modules/install-artifact-from-github
1045 silly CHANGE node_modules/hexer
1046 silly CHANGE node_modules/handlebars
1047 silly CHANGE node_modules/google-gax/node_modules/@grpc/grpc-js/node_modules/@grpc/proto-loader
1048 silly CHANGE node_modules/google-gax/node_modules/uuid
1049 silly CHANGE node_modules/googleapis/node_modules/uuid
1050 silly CHANGE node_modules/firebase-tools
1051 silly CHANGE node_modules/firebase-tools/node_modules/uuid
1052 silly CHANGE node_modules/firebase-tools/node_modules/mime
1053 silly CHANGE node_modules/glob
1054 silly CHANGE node_modules/gaxios/node_modules/uuid
1055 silly CHANGE node_modules/fast-xml-parser
1056 silly CHANGE node_modules/fastify/node_modules/pino
1057 silly CHANGE node_modules/eventid/node_modules/uuid
1058 silly CHANGE node_modules/esprima
1059 silly CHANGE node_modules/escodegen
1060 silly CHANGE node_modules/esbuild
1061 silly ADD
1062 silly ADD
1063 silly ADD
1064 silly ADD
1065 silly ADD
1066 silly ADD
1067 silly ADD
1068 silly ADD
1069 silly ADD
1070 silly ADD
1071 silly ADD
1072 silly ADD
1073 silly ADD
1074 silly ADD
1075 silly ADD
1076 silly ADD
1077 silly ADD
1078 silly ADD
1079 silly ADD
1080 silly ADD
1081 silly ADD
1082 silly ADD
1083 silly ADD
1084 silly ADD
1085 silly ADD
1086 silly CHANGE node_modules/cssesc
1087 silly CHANGE node_modules/crc-32
1088 silly CHANGE node_modules/cross-env
1089 silly CHANGE node_modules/cli-highlight
1090 silly ADD
1091 silly CHANGE node_modules/bullmq/node_modules/uuid
1092 silly CHANGE node_modules/browserslist
1093 silly CHANGE node_modules/baseline-browser-mapping
1094 silly CHANGE node_modules/autoprefixer
1095 silly CHANGE node_modules/acorn
1096 silly CHANGE node_modules/@next/swc-win32-x64-msvc
1097 silly CHANGE node_modules/@next/swc-win32-ia32-msvc
1098 silly CHANGE node_modules/@next/swc-win32-arm64-msvc
1099 silly CHANGE node_modules/@next/swc-linux-x64-musl
1100 silly CHANGE node_modules/@next/swc-linux-arm64-musl
1101 silly CHANGE node_modules/@next/swc-linux-arm64-gnu
1102 silly CHANGE node_modules/@next/swc-darwin-x64
1103 silly CHANGE node_modules/@next/swc-darwin-arm64
1104 silly REMOVE node_modules/@msgpackr-extract/msgpackr-extract-win32-x64
1105 silly REMOVE node_modules/@msgpackr-extract/msgpackr-extract-linux-arm64
1106 silly REMOVE node_modules/@msgpackr-extract/msgpackr-extract-linux-arm
1107 silly REMOVE node_modules/@msgpackr-extract/msgpackr-extract-darwin-x64
1108 silly REMOVE node_modules/@msgpackr-extract/msgpackr-extract-darwin-arm64
1109 silly REMOVE node_modules/@img/sharp-win32-x64
1110 silly REMOVE node_modules/@img/sharp-win32-ia32
1111 silly REMOVE node_modules/@img/sharp-wasm32
1112 silly REMOVE node_modules/@img/sharp-linuxmusl-arm64
1113 silly REMOVE node_modules/@img/sharp-linux-s390x
1114 silly REMOVE node_modules/@img/sharp-linux-arm64
1115 silly REMOVE node_modules/@img/sharp-linux-arm
1116 silly REMOVE node_modules/@img/sharp-libvips-linuxmusl-arm64
1117 silly REMOVE node_modules/@img/sharp-libvips-linux-s390x
1118 silly REMOVE node_modules/@img/sharp-libvips-linux-arm
1119 silly REMOVE node_modules/@img/sharp-libvips-linux-arm64
1120 silly REMOVE node_modules/@img/sharp-libvips-darwin-x64
1121 silly REMOVE node_modules/@img/sharp-libvips-darwin-arm64
1122 silly REMOVE node_modules/@img/sharp-darwin-x64
1123 silly REMOVE node_modules/@img/sharp-darwin-arm64
1124 silly REMOVE node_modules/@esbuild/win32-x64
1125 silly REMOVE node_modules/@esbuild/win32-ia32
1126 silly REMOVE node_modules/@esbuild/win32-arm64
1127 silly REMOVE node_modules/@esbuild/sunos-x64
1128 silly REMOVE node_modules/@esbuild/openharmony-arm64
1129 silly REMOVE node_modules/@esbuild/openbsd-x64
1130 silly REMOVE node_modules/@esbuild/openbsd-arm64
1131 silly REMOVE node_modules/@esbuild/netbsd-x64
1132 silly REMOVE node_modules/@esbuild/netbsd-arm64
1133 silly REMOVE node_modules/@esbuild/linux-s390x
1134 silly REMOVE node_modules/@esbuild/linux-riscv64
1135 silly REMOVE node_modules/@esbuild/linux-ppc64
1136 silly REMOVE node_modules/@esbuild/linux-mips64el
1137 silly REMOVE node_modules/@esbuild/linux-loong64
1138 silly REMOVE node_modules/@esbuild/linux-ia32
1139 silly REMOVE node_modules/@esbuild/linux-arm64
1140 silly REMOVE node_modules/@esbuild/linux-arm
1141 silly REMOVE node_modules/@esbuild/freebsd-x64
1142 silly REMOVE node_modules/@esbuild/freebsd-arm64
1143 silly REMOVE node_modules/@esbuild/darwin-x64
1144 silly REMOVE node_modules/@esbuild/darwin-arm64
1145 silly REMOVE node_modules/@esbuild/android-x64
1146 silly REMOVE node_modules/@esbuild/android-arm64
1147 silly REMOVE node_modules/@esbuild/android-arm
1148 silly REMOVE node_modules/@esbuild/aix-ppc64
1149 silly CHANGE node_modules/next
1150 silly CHANGE node_modules/next/node_modules/@next/swc-win32-x64-msvc
1151 silly CHANGE node_modules/next/node_modules/@next/swc-darwin-x64
1152 silly REMOVE node_modules/fsevents
1153 verbose cwd /home/user/studio
1154 verbose os Linux 6.6.123+
1155 verbose node v20.19.1
1156 verbose npm  v10.8.2
1157 verbose exit 0
1158 info ok
